label,unit,attr,imgType
0001,9,input,none
0002,0,input,none
0003,25,input,none
0004,39,input,none
0005,1,input,none
0006,90,input,none
0007,46,input,none
0008,0,input,none
0009,6,input,none
0010,60,input,none
0011,11,input,none
0012,77,input,none
0013,69,input,none
0014,50,input,none
0015,75,input,none
0016,38,input,none
0017,9,input,none
0018,55,input,none
0019,95,input,none
0020,39,input,none
0021,48,input,none
0022,19,input,none
0023,82,input,none
0024,39,input,none
0025,20,input,none
0026,58,input,none
0027,91,input,none
0028,15,input,none
0029,93,input,none
0030,36,input,none
0031,2,input,none
0032,73,input,none
0033,67,input,none
0034,9,input,none
0035,53,input,none
0036,69,input,none
0037,34,input,none
0038,92,input,none
0039,76,input,none
0040,62,input,none
0041,99,input,none
0042,52,input,none
0043,16,input,none
0044,48,input,none
0045,25,input,none
0046,16,input,none
0047,76,input,none
0048,50,input,none
0049,84,input,none
0050,13,input,none
0051,37,input,none
0052,80,input,none
0053,38,input,none
0054,21,input,none
0055,56,input,none
0056,64,input,none
0057,66,input,none
0058,2,input,none
0059,92,input,none
0060,94,input,none
0061,78,input,none
0062,62,input,none
0063,12,input,none
0064,41,input,none
0065,80,input,none
0066,25,input,none
0067,57,input,none
0068,97,input,none
0069,71,input,none
0070,92,input,none
0071,84,input,none
0072,0,input,none
0073,30,input,none
0074,91,input,none
0075,7,input,none
0076,45,input,none
0077,53,input,none
0078,52,input,none
0079,32,input,none
0080,69,input,none
0081,80,input,none
0082,1,input,none
0083,11,input,none
0084,30,input,none
0085,4,input,none
0086,93,input,none
0087,88,input,none
0088,74,input,none
0089,18,input,none
0090,28,input,none
0091,47,input,none
0092,94,input,none
0093,39,input,none
0094,2,input,none
0095,90,input,none
0096,39,input,none
0097,57,input,none
0098,17,input,none
0099,94,input,none
0100,53,input,none
0101,51,input,none
0102,35,input,none
0103,95,input,none
0104,9,input,none
0105,96,input,none
0106,7,input,none
0107,9,input,none
0108,99,input,none
0109,93,input,none
0110,97,input,none
0111,66,input,none
0112,20,input,none
0113,46,input,none
0114,42,input,none
0115,32,input,none
0116,88,input,none
0117,93,input,none
0118,29,input,none
0119,7,input,none
0120,67,input,none
0121,39,input,none
0122,70,input,none
0123,19,input,none
0124,48,input,none
0125,99,input,none
0126,7,input,none
0127,19,input,none
0128,93,input,none
0129,1,input,none
0130,26,input,none
0131,99,input,none
0132,35,input,none
0133,41,input,none
0134,67,input,none
0135,46,input,none
0136,2,input,none
0137,42,input,none
0138,73,input,none
0139,70,input,none
0140,90,input,none
0141,94,input,none
0142,80,input,none
0143,0,input,none
0144,26,input,none
0145,52,input,none
0146,29,input,none
0147,15,input,none
0148,91,input,none
0149,16,input,none
0150,19,input,none
0151,79,input,none
0152,96,input,none
0153,18,input,none
0154,73,input,none
0155,69,input,none
0156,11,input,none
0157,59,input,none
0158,20,input,none
0159,72,input,none
0160,66,input,none
0161,37,input,none
0162,2,input,none
0163,69,input,none
0164,51,input,none
0165,43,input,none
0166,50,input,none
0167,52,input,none
0168,86,input,none
0169,66,input,none
0170,3,input,none
0171,13,input,none
0172,87,input,none
0173,89,input,none
0174,59,input,none
0175,9,input,none
0176,0,input,none
0177,57,input,none
0178,70,input,none
0179,6,input,none
0180,23,input,none
0181,85,input,none
0182,9,input,none
0183,39,input,none
0184,61,input,none
0185,98,input,none
0186,45,input,none
0187,19,input,none
0188,6,input,none
0189,83,input,none
0190,90,input,none
0191,36,input,none
0192,18,input,none
0193,43,input,none
0194,12,input,none
0195,79,input,none
0196,32,input,none
0197,91,input,none
0198,4,input,none
0199,91,input,none
0200,67,input,none
0201,60,input,none
0202,0,input,none
0203,0,input,none
0204,69,input,none
0205,91,input,none
0206,93,input,none
0207,16,input,none
0208,75,input,none
0209,90,input,none
0210,21,input,none
0211,13,input,none
0212,46,input,none
0213,24,input,none
0214,69,input,none
0215,20,input,none
0216,43,input,none
0217,64,input,none
0218,85,input,none
0219,25,input,none
0220,7,input,none
0221,53,input,none
0222,11,input,none
0223,31,input,none
0224,98,input,none
0225,8,input,none
0226,14,input,none
0227,94,input,none
0228,80,input,none
0229,48,input,none
0230,51,input,none
0231,55,input,none
0232,5,input,none
0233,97,input,none
0234,30,input,none
0235,50,input,none
0236,62,input,none
0237,82,input,none
0238,37,input,none
0239,54,input,none
0240,25,input,none
0241,43,input,none
0242,52,input,none
0243,35,input,none
0244,64,input,none
0245,46,input,none
0246,94,input,none
0247,0,input,none
0248,48,input,none
0249,5,input,none
0250,44,input,none
0251,5,input,none
0252,55,input,none
0253,36,input,none
0254,20,input,none
0255,22,input,none
0256,27,input,none
0257,0,input,none
0258,39,input,none
0259,79,input,none
0260,2,input,none
0261,31,input,none
0262,65,input,none
0263,28,input,none
0264,39,input,none
0265,59,input,none
0266,29,input,none
0267,6,input,none
0268,89,input,none
0269,37,input,none
0270,6,input,none
0271,25,input,none
0272,62,input,none
0273,20,input,none
0274,5,input,none
0275,3,input,none
0276,14,input,none
0277,19,input,none
0278,75,input,none
0279,32,input,none
0280,39,input,none
0281,24,input,none
0282,20,input,none
0283,3,input,none
0284,49,input,none
0285,90,input,none
0286,96,input,none
0287,20,input,none
0288,42,input,none
0289,45,input,none
0290,28,input,none
0291,98,input,none
0292,0,input,none
0293,4,input,none
0294,80,input,none
0295,1,input,none
0296,32,input,none
0297,0,input,none
0298,70,input,none
0299,59,input,none
0300,23,input,none
0301,70,input,none
0302,4,input,none
0303,48,input,none
0304,82,input,none
0305,8,input,none
0306,46,input,none
0307,64,input,none
0308,91,input,none
0309,96,input,none
0310,51,input,none
0311,55,input,none
0312,59,input,none
0313,79,input,none
0314,7,input,none
0315,59,input,none
0316,20,input,none
0317,30,input,none
0318,84,input,none
0319,86,input,none
0320,12,input,none
0321,26,input,none
0322,51,input,none
0323,66,input,none
0324,81,input,none
0325,6,input,none
0326,77,input,none
0327,90,input,none
0328,0,input,none
0329,86,input,none
0330,9,input,none
0331,3,input,none
0332,22,input,none
0333,4,input,none
0334,40,input,none
0335,16,input,none
0336,19,input,none
0337,73,input,none
0338,94,input,none
0339,19,input,none
0340,2,input,none
0341,39,input,none
0342,49,input,none
0343,39,input,none
0344,4,input,none
0345,25,input,none
0346,59,input,none
0347,60,input,none
0348,56,input,none
0349,51,input,none
0350,99,input,none
0351,95,input,none
0352,94,input,none
0353,54,input,none
0354,62,input,none
0355,58,input,none
0356,99,input,none
0357,12,input,none
0358,53,input,none
0359,58,input,none
0360,41,input,none
0361,9,input,none
0362,58,input,none
0363,31,input,none
0364,90,input,none
0365,62,input,none
0366,98,input,none
0367,42,input,none
0368,96,input,none
0369,77,input,none
0370,0,input,none
0371,71,input,none
0372,91,input,none
0373,92,input,none
0374,7,input,none
0375,19,input,none
0376,6,input,none
0377,5,input,none
0378,77,input,none
0379,37,input,none
0380,7,input,none
0381,3,input,none
0382,5,input,none
0383,58,input,none
0384,18,input,none
0385,60,input,none
0386,32,input,none
0387,29,input,none
0388,0,input,none
0389,90,input,none
0390,95,input,none
0391,80,input,none
0392,48,input,none
0393,57,input,none
0394,5,input,none
0395,65,input,none
0396,59,input,none
0397,40,input,none
0398,60,input,none
0399,4,input,none
0400,26,input,none
0401,28,input,none
0402,74,input,none
0403,6,input,none
0404,33,input,none
0405,99,input,none
0406,59,input,none
0407,24,input,none
0408,71,input,none
0409,90,input,none
0410,65,input,none
0411,9,input,none
0412,9,input,none
0413,45,input,none
0414,94,input,none
0415,99,input,none
0416,20,input,none
0417,96,input,none
0418,29,input,none
0419,80,input,none
0420,71,input,none
0421,47,input,none
0422,44,input,none
0423,19,input,none
0424,42,input,none
0425,57,input,none
0426,39,input,none
0427,2,input,none
0428,94,input,none
0429,4,input,none
0430,93,input,none
0431,69,input,none
0432,4,input,none
0433,21,input,none
0434,39,input,none
0435,50,input,none
0436,76,input,none
0437,23,input,none
0438,94,input,none
0439,14,input,none
0440,16,input,none
0441,69,input,none
0442,59,input,none
0443,56,input,none
0444,36,input,none
0445,12,input,none
0446,57,input,none
0447,82,input,none
0448,95,input,none
0449,98,input,none
0450,30,input,none
0451,82,input,none
0452,30,input,none
0453,54,input,none
0454,46,input,none
0455,20,input,none
0456,29,input,none
0457,96,input,none
0458,93,input,none
0459,19,input,none
0460,29,input,none
0461,37,input,none
0462,59,input,none
0463,48,input,none
0464,15,input,none
0465,47,input,none
0466,38,input,none
0467,79,input,none
0468,20,input,none
0469,9,input,none
0470,75,input,none
0471,0,input,none
0472,97,input,none
0473,43,input,none
0474,57,input,none
0475,91,input,none
0476,97,input,none
0477,82,input,none
0478,64,input,none
0479,92,input,none
0480,32,input,none
0481,49,input,none
0482,77,input,none
0483,25,input,none
0484,98,input,none
0485,52,input,none
0486,9,input,none
0487,90,input,none
0488,31,input,none
0489,44,input,none
0490,55,input,none
0491,65,input,none
0492,66,input,none
0493,45,input,none
0494,5,input,none
0495,20,input,none
0496,89,input,none
0497,90,input,none
0498,28,input,none
0499,90,input,none
0500,58,input,none
0501,18,input,none
0502,65,input,none
0503,25,input,none
0504,20,input,none
0505,48,input,none
0506,20,input,none
0507,33,input,none
0508,45,input,none
0509,91,input,none
0510,20,input,none
0511,2,input,none
0512,9,input,none
0513,92,input,none
0514,78,input,none
0515,89,input,none
0516,56,input,none
0517,93,input,none
0518,52,input,none
0519,41,input,none
0520,96,input,none
0521,24,input,none
0522,10,input,none
0523,62,input,none
0524,39,input,none
0525,64,input,none
0526,19,input,none
0527,41,input,none
0528,93,input,none
0529,82,input,none
0530,39,input,none
0531,58,input,none
0532,56,input,none
0533,9,input,none
0534,13,input,none
0535,18,input,none
0536,24,input,none
0537,66,input,none
0538,3,input,none
0539,80,input,none
0540,6,input,none
0541,42,input,none
0542,66,input,none
0543,94,input,none
0544,17,input,none
0545,85,input,none
0546,14,input,none
0547,79,input,none
0548,99,input,none
0549,3,input,none
0550,48,input,none
0551,35,input,none
0552,63,input,none
0553,3,input,none
0554,8,input,none
0555,45,input,none
0556,97,input,none
0557,99,input,none
0558,0,input,none
0559,50,input,none
0560,9,input,none
0561,57,input,none
0562,87,input,none
0563,86,input,none
0564,54,input,none
0565,90,input,none
0566,79,input,none
0567,20,input,none
0568,9,input,none
0569,11,input,none
0570,27,input,none
0571,96,input,none
0572,78,input,none
0573,94,input,none
0574,5,input,none
0575,23,input,none
0576,62,input,none
0577,31,input,none
0578,19,input,none
0579,92,input,none
0580,98,input,none
0581,99,input,none
0582,81,input,none
0583,37,input,none
0584,56,input,none
0585,2,input,none
0586,13,input,none
0587,5,input,none
0588,28,input,none
0589,26,input,none
0590,2,input,none
0591,83,input,none
0592,63,input,none
0593,58,input,none
0594,78,input,none
0595,82,input,none
0596,93,input,none
0597,34,input,none
0598,7,input,none
0599,60,input,none
0600,26,input,none
0601,97,input,none
0602,30,input,none
0603,55,input,none
0604,39,input,none
0605,91,input,none
0606,47,input,none
0607,47,input,none
0608,34,input,none
0609,0,input,none
0610,97,input,none
0611,69,input,none
0612,94,input,none
0613,64,input,none
0614,41,input,none
0615,57,input,none
0616,3,input,none
0617,36,input,none
0618,48,input,none
0619,7,input,none
0620,25,input,none
0621,35,input,none
0622,36,input,none
0623,93,input,none
0624,34,input,none
0625,74,input,none
0626,22,input,none
0627,20,input,none
0628,21,input,none
0629,76,input,none
0630,52,input,none
0631,80,input,none
0632,6,input,none
0633,60,input,none
0634,58,input,none
0635,39,input,none
0636,49,input,none
0637,62,input,none
0638,24,input,none
0639,99,input,none
0640,68,input,none
0641,42,input,none
0642,94,input,none
0643,47,input,none
0644,30,input,none
0645,62,input,none
0646,55,input,none
0647,43,input,none
0648,39,input,none
0649,94,input,none
0650,30,input,none
0651,65,input,none
0652,29,input,none
0653,95,input,none
0654,63,input,none
0655,4,input,none
0656,84,input,none
0657,70,input,none
0658,82,input,none
0659,37,input,none
0660,94,input,none
0661,35,input,none
0662,94,input,none
0663,14,input,none
0664,25,input,none
0665,39,input,none
0666,70,input,none
0667,87,input,none
0668,21,input,none
0669,80,input,none
0670,3,input,none
0671,48,input,none
0672,20,input,none
0673,85,input,none
0674,93,input,none
0675,72,input,none
0676,21,input,none
0677,53,input,none
0678,9,input,none
0679,20,input,none
0680,87,input,none
0681,90,input,none
0682,0,input,none
0683,93,input,none
0684,85,input,none
0685,36,input,none
0686,95,input,none
0687,7,input,none
0688,9,input,none
0689,34,input,none
0690,80,input,none
0691,31,input,none
0692,4,input,none
0693,57,input,none
0694,93,input,none
0695,6,input,none
0696,95,input,none
0697,20,input,none
0698,3,input,none
0699,31,input,none
0700,94,input,none
0701,20,input,none
0702,3,input,none
0703,38,input,none
0704,87,input,none
0705,15,input,none
0706,7,input,none
0707,39,input,none
0708,61,input,none
0709,97,input,none
0710,80,input,none
0711,48,input,none
0712,80,input,none
0713,9,input,none
0714,94,input,none
0715,49,input,none
0716,51,input,none
0717,93,input,none
0718,3,input,none
0719,39,input,none
0720,99,input,none
0721,67,input,none
0722,85,input,none
0723,77,input,none
0724,53,input,none
0725,99,input,none
0726,42,input,none
0727,39,input,none
0728,42,input,none
0729,48,input,none
0730,26,input,none
0731,65,input,none
0732,15,input,none
0733,20,input,none
0734,90,input,none
0735,5,input,none
0736,65,input,none
0737,60,input,none
0738,44,input,none
0739,24,input,none
0740,19,input,none
0741,76,input,none
0742,76,input,none
0743,18,input,none
0744,72,input,none
0745,55,input,none
0746,9,input,none
0747,2,input,none
0748,68,input,none
0749,94,input,none
0750,11,input,none
0751,63,input,none
0752,9,input,none
0753,49,input,none
0754,80,input,none
0755,77,input,none
0756,70,input,none
0757,80,input,none
0758,41,input,none
0759,0,input,none
0760,39,input,none
0761,27,input,none
0762,67,input,none
0763,30,input,none
0764,36,input,none
0765,19,input,none
0766,9,input,none
0767,10,input,none
0768,30,input,none
0769,70,input,none
0770,6,input,none
0771,48,input,none
0772,99,input,none
0773,52,input,none
0774,14,input,none
0775,6,input,none
0776,0,input,none
0777,73,input,none
0778,48,input,none
0779,9,input,none
0780,13,input,none
0781,81,input,none
0782,64,input,none
0783,3,input,none
0784,32,input,none
0785,92,input,none
0786,55,input,none
0787,2,input,none
0788,45,input,none
0789,18,input,none
0790,39,input,none
0791,36,input,none
0792,3,input,none
0793,65,input,none
0794,5,input,none
0795,44,input,none
0796,24,input,none
0797,78,input,none
0798,90,input,none
0799,27,input,none
0800,68,input,none
0801,76,input,none
0802,9,input,none
0803,84,input,none
0804,55,input,none
0805,19,input,none
0806,33,input,none
0807,28,input,none
0808,91,input,none
0809,47,input,none
0810,20,input,none
0811,90,input,none
0812,37,input,none
0813,23,input,none
0814,9,input,none
0815,21,input,none
0816,37,input,none
0817,53,input,none
0818,54,input,none
0819,9,input,none
0820,90,input,none
0821,97,input,none
0822,79,input,none
0823,99,input,none
0824,46,input,none
0825,70,input,none
0826,90,input,none
0827,59,input,none
0828,2,input,none
0829,95,input,none
0830,75,input,none
0831,62,input,none
0832,2,input,none
0833,85,input,none
0834,36,input,none
0835,30,input,none
0836,93,input,none
0837,24,input,none
0838,30,input,none
0839,83,input,none
0840,60,input,none
0841,90,input,none
0842,74,input,none
0843,51,input,none
0844,33,input,none
0845,10,input,none
0846,56,input,none
0847,52,input,none
0848,26,input,none
0849,38,input,none
0850,55,input,none
0851,27,input,none
0852,79,input,none
0853,1,input,none
0854,14,input,none
0855,57,input,none
0856,67,input,none
0857,69,input,none
0858,40,input,none
0859,0,input,none
0860,80,input,none
0861,30,input,none
0862,90,input,none
0863,99,input,none
0864,2,input,none
0865,68,input,none
0866,32,input,none
0867,14,input,none
0868,60,input,none
0869,25,input,none
0870,77,input,none
0871,71,input,none
0872,37,input,none
0873,55,input,none
0874,27,input,none
0875,55,input,none
0876,39,input,none
0877,2,input,none
0878,66,input,none
0879,6,input,none
0880,56,input,none
0881,3,input,none
0882,85,input,none
0883,7,input,none
0884,43,input,none
0885,2,input,none
0886,42,input,none
0887,30,input,none
0888,4,input,none
0889,21,input,none
0890,52,input,none
0891,94,input,none
0892,20,input,none
0893,52,input,none
0894,60,input,none
0895,4,input,none
0896,75,input,none
0897,80,input,none
0898,79,input,none
0899,38,input,none
0900,59,input,none
0901,61,input,none
0902,45,input,none
0903,0,input,none
0904,9,input,none
0905,0,input,none
0906,84,input,none
0907,79,input,none
0908,51,input,none
0909,9,input,none
0910,92,input,none
0911,24,input,none
0912,74,input,none
0913,99,input,none
0914,96,input,none
0915,9,input,none
0916,56,input,none
0917,80,input,none
0918,19,input,none
0919,46,input,none
0920,55,input,none
0921,3,input,none
0922,95,input,none
0923,38,input,none
0924,66,input,none
0925,8,input,none
0926,79,input,none
0927,81,input,none
0928,49,input,none
0929,67,input,none
0930,39,input,none
0931,55,input,none
0932,3,input,none
0933,4,input,none
0934,6,input,none
0935,0,input,none
0936,4,input,none
0937,38,input,none
0938,73,input,none
0939,13,input,none
0940,55,input,none
0941,29,input,none
0942,6,input,none
0943,79,input,none
0944,77,input,none
0945,93,input,none
0946,69,input,none
0947,39,input,none
0948,4,input,none
0949,20,input,none
0950,29,input,none
0951,4,input,none
0952,94,input,none
0953,19,input,none
0954,77,input,none
0955,80,input,none
0956,77,input,none
0957,91,input,none
0958,80,input,none
0959,99,input,none
0960,76,input,none
0961,3,input,none
0962,58,input,none
0963,4,input,none
0964,7,input,none
0965,7,input,none
0966,7,input,none
0967,14,input,none
0968,7,input,none
0969,89,input,none
0970,52,input,none
0971,9,input,none
0972,87,input,none
0973,39,input,none
0974,5,input,none
0975,72,input,none
0976,97,input,none
0977,9,input,none
0978,71,input,none
0979,6,input,none
0980,87,input,none
0981,58,input,none
0982,23,input,none
0983,92,input,none
0984,27,input,none
0985,39,input,none
0986,2,input,none
0987,67,input,none
0988,0,input,none
0989,5,input,none
0990,30,input,none
0991,30,input,none
0992,41,input,none
0993,30,input,none
0994,72,input,none
0995,74,input,none
0996,0,input,none
0997,37,input,none
0998,16,input,none
0999,3,input,none
1000,54,input,none
1001,10,input,none
1002,0,input,none
1003,2,input,none
1004,17,input,none
1005,72,input,none
1006,3,input,none
1007,93,input,none
1008,64,input,none
1009,13,input,none
1010,8,input,none
1011,66,input,none
1012,3,input,none
1013,38,input,none
1014,51,input,none
1015,99,input,none
1016,0,input,none
1017,20,input,none
1018,54,input,none
1019,55,input,none
1020,99,input,none
1021,14,input,none
1022,51,input,none
1023,12,input,none
1024,80,input,none
1025,30,input,none
1026,2,input,none
1027,94,input,none
1028,97,input,none
1029,27,input,none
1030,27,input,none
1031,79,input,none
1032,19,input,none
1033,78,input,none
1034,18,input,none
1035,50,input,none
1036,80,input,none
1037,58,input,none
1038,80,input,none
1039,19,input,none
1040,93,input,none
1041,95,input,none
1042,68,input,none
1043,99,input,none
1044,71,input,none
1045,20,input,none
1046,14,input,none
1047,0,input,none
1048,93,input,none
1049,38,input,none
1050,38,input,none
1051,97,input,none
1052,50,input,none
1053,89,input,none
1054,60,input,none
1055,39,input,none
1056,80,input,none
1057,3,input,none
1058,9,input,none
1059,9,input,none
1060,72,input,none
1061,68,input,none
1062,53,input,none
1063,61,input,none
1064,32,input,none
1065,67,input,none
1066,52,input,none
1067,32,input,none
1068,49,input,none
1069,39,input,none
1070,5,input,none
1071,39,input,none
1072,98,input,none
1073,20,input,none
1074,53,input,none
1075,74,input,none
1076,89,input,none
1077,13,input,none
1078,19,input,none
1079,9,input,none
1080,85,input,none
1081,23,input,none
1082,3,input,none
1083,55,input,none
1084,31,input,none
1085,84,input,none
1086,72,input,none
1087,84,input,none
1088,86,input,none
1089,58,input,none
1090,3,input,none
1091,39,input,none
1092,9,input,none
1093,66,input,none
1094,50,input,none
1095,7,input,none
1096,80,input,none
1097,60,input,none
1098,79,input,none
1099,26,input,none
1100,80,input,none
1101,55,input,none
1102,39,input,none
1103,49,input,none
1104,93,input,none
1105,96,input,none
1106,80,input,none
1107,0,input,none
1108,79,input,none
1109,44,input,none
1110,40,input,none
1111,70,input,none
1112,15,input,none
1113,0,input,none
1114,7,input,none
1115,53,input,none
1116,53,input,none
1117,90,input,none
1118,20,input,none
1119,58,input,none
1120,49,input,none
1121,29,input,none
1122,51,input,none
1123,90,input,none
1124,3,input,none
1125,79,input,none
1126,52,input,none
1127,27,input,none
1128,4,input,none
1129,47,input,none
1130,4,input,none
1131,60,input,none
1132,96,input,none
1133,18,input,none
1134,77,input,none
1135,93,input,none
1136,72,input,none
1137,70,input,none
1138,65,input,none
1139,56,input,none
1140,76,input,none
1141,94,input,none
1142,97,input,none
1143,97,input,none
1144,69,input,none
1145,92,input,none
1146,9,input,none
1147,63,input,none
1148,57,input,none
1149,80,input,none
1150,97,input,none
1151,20,input,none
1152,39,input,none
1153,13,input,none
1154,93,input,none
1155,79,input,none
1156,71,input,none
1157,55,input,none
1158,92,input,none
1159,82,input,none
1160,4,input,none
1161,78,input,none
1162,79,input,none
1163,10,input,none
1164,76,input,none
1165,80,input,none
1166,79,input,none
1167,6,input,none
1168,3,input,none
1169,50,input,none
1170,2,input,none
1171,44,input,none
1172,52,input,none
1173,77,input,none
1174,86,input,none
1175,60,input,none
1176,95,input,none
1177,95,input,none
1178,1,input,none
1179,3,input,none
1180,73,input,none
1181,85,input,none
1182,55,input,none
1183,34,input,none
1184,34,input,none
1185,40,input,none
1186,59,input,none
1187,53,input,none
1188,90,input,none
1189,96,input,none
1190,8,input,none
1191,31,input,none
1192,35,input,none
1193,27,input,none
1194,69,input,none
1195,87,input,none
1196,19,input,none
1197,9,input,none
1198,39,input,none
1199,2,input,none
1200,93,input,none
1201,2,input,none
1202,46,input,none
1203,7,input,none
1204,98,input,none
1205,39,input,none
1206,60,input,none
1207,96,input,none
1208,94,input,none
1209,20,input,none
1210,58,input,none
1211,62,input,none
1212,91,input,none
1213,63,input,none
1214,65,input,none
1215,87,input,none
1216,92,input,none
1217,77,input,none
1218,4,input,none
1219,20,input,none
1220,90,input,none
1221,9,input,none
1222,11,input,none
1223,69,input,none
1224,36,input,none
1225,60,input,none
1226,9,input,none
1227,60,input,none
1228,51,input,none
1229,99,input,none
1230,48,input,none
1231,37,input,none
1232,7,input,none
1233,0,input,none
1234,48,input,none
1235,91,input,none
1236,29,input,none
1237,46,input,none
1238,8,input,none
1239,50,input,none
1240,79,input,none
1241,7,input,none
1242,33,input,none
1243,89,input,none
1244,58,input,none
1245,53,input,none
1246,97,input,none
1247,6,input,none
1248,76,input,none
1249,93,input,none
1250,51,input,none
1251,14,input,none
1252,69,input,none
1253,19,input,none
1254,7,input,none
1255,98,input,none
1256,80,input,none
1257,20,input,none
1258,7,input,none
1259,47,input,none
1260,6,input,none
1261,3,input,none
1262,92,input,none
1263,49,input,none
1264,28,input,none
1265,24,input,none
1266,65,input,none
1267,93,input,none
1268,67,input,none
1269,17,input,none
1270,9,input,none
1271,5,input,none
1272,69,input,none
1273,90,input,none
1274,99,input,none
1275,69,input,none
1276,5,input,none
1277,21,input,none
1278,17,input,none
1279,97,input,none
1280,43,input,none
1281,2,input,none
1282,68,input,none
1283,90,input,none
1284,92,input,none
1285,44,input,none
1286,32,input,none
1287,17,input,none
1288,69,input,none
1289,46,input,none
1290,10,input,none
1291,38,input,none
1292,69,input,none
1293,87,input,none
1294,70,input,none
1295,52,input,none
1296,39,input,none
1297,20,input,none
1298,71,input,none
1299,29,input,none
1300,4,input,none
1301,69,input,none
1302,93,input,none
1303,37,input,none
1304,19,input,none
1305,85,input,none
1306,46,input,none
1307,39,input,none
1308,99,input,none
1309,39,input,none
1310,20,input,none
1311,56,input,none
1312,38,input,none
1313,73,input,none
1314,75,input,none
1315,3,input,none
1316,58,input,none
1317,57,input,none
1318,92,input,none
1319,28,input,none
1320,93,input,none
1321,30,input,none
1322,92,input,none
1323,47,input,none
1324,42,input,none
1325,49,input,none
1326,80,input,none
1327,22,input,none
1328,67,input,none
1329,45,input,none
1330,99,input,none
1331,45,input,none
1332,55,input,none
1333,79,input,none
1334,51,input,none
1335,79,input,none
1336,79,input,none
1337,30,input,none
1338,75,input,none
1339,4,input,none
1340,93,input,none
1341,2,input,none
1342,51,input,none
1343,99,input,none
1344,6,input,none
1345,17,input,none
1346,97,input,none
1347,70,input,none
1348,81,input,none
1349,48,input,none
1350,90,input,none
1351,93,input,none
1352,45,input,none
1353,2,input,none
1354,49,input,none
1355,64,input,none
1356,66,input,none
1357,17,input,none
1358,30,input,none
1359,99,input,none
1360,73,input,none
1361,77,input,none
1362,70,input,none
1363,7,input,none
1364,77,input,none
1365,59,input,none
1366,50,input,none
1367,46,input,none
1368,79,input,none
1369,41,input,none
1370,3,input,none
1371,12,input,none
1372,3,input,none
1373,27,input,none
1374,27,input,none
1375,23,input,none
1376,28,input,none
1377,39,input,none
1378,39,input,none
1379,90,input,none
1380,19,input,none
1381,80,input,none
1382,9,input,none
1383,85,input,none
1384,73,input,none
1385,79,input,none
1386,3,input,none
1387,56,input,none
1388,9,input,none
1389,55,input,none
1390,49,input,none
1391,66,input,none
1392,3,input,none
1393,87,input,none
1394,8,input,none
1395,40,input,none
1396,38,input,none
1397,29,input,none
1398,9,input,none
1399,84,input,none
1400,63,input,none
1401,14,input,none
1402,9,input,none
1403,80,input,none
1404,13,input,none
1405,59,input,none
1406,0,input,none
1407,26,input,none
1408,69,input,none
1409,90,input,none
1410,72,input,none
1411,51,input,none
1412,6,input,none
1413,9,input,none
1414,79,input,none
1415,0,input,none
1416,55,input,none
1417,7,input,none
1418,92,input,none
1419,98,input,none
1420,68,input,none
1421,3,input,none
1422,55,input,none
1423,83,input,none
1424,94,input,none
1425,5,input,none
1426,60,input,none
1427,52,input,none
1428,67,input,none
1429,52,input,none
1430,5,input,none
1431,97,input,none
1432,72,input,none
1433,13,input,none
1434,19,input,none
1435,78,input,none
1436,93,input,none
1437,93,input,none
1438,57,input,none
1439,54,input,none
1440,72,input,none
1441,66,input,none
1442,90,input,none
1443,73,input,none
1444,82,input,none
1445,18,input,none
1446,37,input,none
1447,17,input,none
1448,43,input,none
1449,99,input,none
1450,14,input,none
1451,46,input,none
1452,33,input,none
1453,21,input,none
1454,94,input,none
1455,47,input,none
1456,16,input,none
1457,40,input,none
1458,20,input,none
1459,30,input,none
1460,82,input,none
1461,90,input,none
1462,49,input,none
1463,60,input,none
1464,9,input,none
1465,90,input,none
1466,17,input,none
1467,24,input,none
1468,2,input,none
1469,23,input,none
1470,91,input,none
1471,54,input,none
1472,9,input,none
1473,4,input,none
1474,39,input,none
1475,93,input,none
1476,4,input,none
1477,93,input,none
1478,55,input,none
1479,99,input,none
1480,89,input,none
1481,45,input,none
1482,31,input,none
1483,95,input,none
1484,7,input,none
1485,20,input,none
1486,34,input,none
1487,24,input,none
1488,59,input,none
1489,36,input,none
1490,52,input,none
1491,55,input,none
1492,78,input,none
1493,53,input,none
1494,38,input,none
1495,94,input,none
1496,95,input,none
1497,3,input,none
1498,2,input,none
1499,47,input,none
1500,20,input,none
1501,70,input,none
1502,69,input,none
1503,55,input,none
1504,98,input,none
1505,0,input,none
1506,53,input,none
1507,35,input,none
1508,43,input,none
1509,0,input,none
1510,76,input,none
1511,93,input,none
1512,37,input,none
1513,98,input,none
1514,77,input,none
1515,56,input,none
1516,2,input,none
1517,34,input,none
1518,54,input,none
1519,11,input,none
1520,84,input,none
1521,63,input,none
1522,97,input,none
1523,38,input,none
1524,54,input,none
1525,4,input,none
1526,5,input,none
1527,39,input,none
1528,65,input,none
1529,50,input,none
1530,90,input,none
1531,18,input,none
1532,78,input,none
1533,49,input,none
1534,31,input,none
1535,94,input,none
1536,56,input,none
1537,59,input,none
1538,2,input,none
1539,75,input,none
1540,64,input,none
1541,97,input,none
1542,21,input,none
1543,51,input,none
1544,76,input,none
1545,23,input,none
1546,20,input,none
1547,2,input,none
1548,3,input,none
1549,62,input,none
1550,60,input,none
1551,1,input,none
1552,63,input,none
1553,20,input,none
1554,97,input,none
1555,94,input,none
1556,58,input,none
1557,40,input,none
1558,12,input,none
1559,39,input,none
1560,56,input,none
1561,2,input,none
1562,84,input,none
1563,68,input,none
1564,62,input,none
1565,34,input,none
1566,9,input,none
1567,96,input,none
1568,99,input,none
1569,31,input,none
1570,79,input,none
1571,71,input,none
1572,55,input,none
1573,81,input,none
1574,42,input,none
1575,15,input,none
1576,71,input,none
1577,63,input,none
1578,72,input,none
1579,30,input,none
1580,8,input,none
1581,0,input,none
1582,80,input,none
1583,18,input,none
1584,94,input,none
1585,99,input,none
1586,39,input,none
1587,96,input,none
1588,83,input,none
1589,52,input,none
1590,6,input,none
1591,5,input,none
1592,69,input,none
1593,57,input,none
1594,5,input,none
1595,67,input,none
1596,18,input,none
1597,60,input,none
1598,70,input,none
1599,39,input,none
1600,5,input,none
1601,80,input,none
1602,99,input,none
1603,30,input,none
1604,77,input,none
1605,93,input,none
1606,89,input,none
1607,19,input,none
1608,10,input,none
1609,67,input,none
1610,37,input,none
1611,2,input,none
1612,69,input,none
1613,63,input,none
1614,9,input,none
1615,57,input,none
1616,31,input,none
1617,9,input,none
1618,8,input,none
1619,69,input,none
1620,2,input,none
1621,59,input,none
1622,62,input,none
1623,99,input,none
1624,62,input,none
1625,98,input,none
1626,66,input,none
1627,61,input,none
1628,35,input,none
1629,34,input,none
1630,39,input,none
1631,3,input,none
1632,60,input,none
1633,55,input,none
1634,67,input,none
1635,99,input,none
1636,79,input,none
1637,37,input,none
1638,79,input,none
1639,62,input,none
1640,72,input,none
1641,12,input,none
1642,99,input,none
1643,51,input,none
1644,80,input,none
1645,60,input,none
1646,58,input,none
1647,12,input,none
1648,9,input,none
1649,90,input,none
1650,75,input,none
1651,79,input,none
1652,19,input,none
1653,80,input,none
1654,55,input,none
1655,1,input,none
1656,42,input,none
1657,8,input,none
1658,84,input,none
1659,60,input,none
1660,64,input,none
1661,93,input,none
1662,75,input,none
1663,2,input,none
1664,27,input,none
1665,0,input,none
1666,51,input,none
1667,27,input,none
1668,46,input,none
1669,37,input,none
1670,41,input,none
1671,83,input,none
1672,95,input,none
1673,20,input,none
1674,40,input,none
1675,73,input,none
1676,64,input,none
1677,27,input,none
1678,79,input,none
1679,91,input,none
1680,93,input,none
1681,94,input,none
1682,99,input,none
1683,3,input,none
1684,48,input,none
1685,28,input,none
1686,13,input,none
1687,28,input,none
1688,89,input,none
1689,90,input,none
1690,98,input,none
1691,92,input,none
1692,31,input,none
1693,19,input,none
1694,56,input,none
1695,36,input,none
1696,3,input,none
1697,91,input,none
1698,4,input,none
1699,48,input,none
1700,4,input,none
1701,79,input,none
1702,17,input,none
1703,93,input,none
1704,66,input,none
1705,94,input,none
1706,76,input,none
1707,10,input,none
1708,50,input,none
1709,42,input,none
1710,1,input,none
1711,95,input,none
1712,37,input,none
1713,65,input,none
1714,75,input,none
1715,19,input,none
1716,94,input,none
1717,23,input,none
1718,0,input,none
1719,42,input,none
1720,39,input,none
1721,80,input,none
1722,8,input,none
1723,95,input,none
1724,96,input,none
1725,96,input,none
1726,43,input,none
1727,15,input,none
1728,1,input,none
1729,66,input,none
1730,4,input,none
1731,98,input,none
1732,24,input,none
1733,86,input,none
1734,45,input,none
1735,5,input,none
1736,93,input,none
1737,64,input,none
1738,0,input,none
1739,2,input,none
1740,12,input,none
1741,29,input,none
1742,69,input,none
1743,39,input,none
1744,96,input,none
1745,37,input,none
1746,80,input,none
1747,0,input,none
1748,19,input,none
1749,6,input,none
1750,49,input,none
1751,91,input,none
1752,62,input,none
1753,2,input,none
1754,29,input,none
1755,21,input,none
1756,2,input,none
1757,20,input,none
1758,3,input,none
1759,13,input,none
1760,65,input,none
1761,2,input,none
1762,46,input,none
1763,99,input,none
1764,20,input,none
1765,85,input,none
1766,12,input,none
1767,68,input,none
1768,95,input,none
1769,90,input,none
1770,57,input,none
1771,16,input,none
1772,62,input,none
1773,57,input,none
1774,93,input,none
1775,32,input,none
1776,56,input,none
1777,3,input,none
1778,67,input,none
1779,67,input,none
1780,18,input,none
1781,69,input,none
1782,96,input,none
1783,30,input,none
1784,54,input,none
1785,34,input,none
1786,66,input,none
1787,99,input,none
1788,54,input,none
1789,79,input,none
1790,11,input,none
1791,80,input,none
1792,59,input,none
1793,44,input,none
1794,28,input,none
1795,2,input,none
1796,25,input,none
1797,93,input,none
1798,31,input,none
1799,3,input,none
1800,13,input,none
1801,98,input,none
1802,19,input,none
1803,64,input,none
1804,37,input,none
1805,73,input,none
1806,52,input,none
1807,49,input,none
1808,38,input,none
1809,66,input,none
1810,5,input,none
1811,2,input,none
1812,71,input,none
1813,60,input,none
1814,94,input,none
1815,82,input,none
1816,40,input,none
1817,5,input,none
1818,7,input,none
1819,92,input,none
1820,43,input,none
1821,12,input,none
1822,52,input,none
1823,3,input,none
1824,0,input,none
1825,30,input,none
1826,33,input,none
1827,0,input,none
1828,19,input,none
1829,15,input,none
1830,33,input,none
1831,80,input,none
1832,29,input,none
1833,87,input,none
1834,75,input,none
1835,20,input,none
1836,99,input,none
1837,49,input,none
1838,13,input,none
1839,69,input,none
1840,53,input,none
1841,23,input,none
1842,23,input,none
1843,49,input,none
1844,75,input,none
1845,9,input,none
1846,82,input,none
1847,52,input,none
1848,82,input,none
1849,64,input,none
1850,3,input,none
1851,90,input,none
1852,26,input,none
1853,0,input,none
1854,69,input,none
1855,71,input,none
1856,60,input,none
1857,92,input,none
1858,41,input,none
1859,28,input,none
1860,65,input,none
1861,43,input,none
1862,49,input,none
1863,2,input,none
1864,69,input,none
1865,42,input,none
1866,56,input,none
1867,79,input,none
1868,71,input,none
1869,3,input,none
1870,93,input,none
1871,35,input,none
1872,96,input,none
1873,53,input,none
1874,60,input,none
1875,32,input,none
1876,64,input,none
1877,46,input,none
1878,99,input,none
1879,98,input,none
1880,0,input,none
1881,9,input,none
1882,9,input,none
1883,1,input,none
1884,0,input,none
1885,43,input,none
1886,69,input,none
1887,40,input,none
1888,16,input,none
1889,80,input,none
1890,32,input,none
1891,58,input,none
1892,18,input,none
1893,48,input,none
1894,62,input,none
1895,69,input,none
1896,80,input,none
1897,93,input,none
1898,64,input,none
1899,16,input,none
1900,25,input,none
1901,99,input,none
1902,93,input,none
1903,80,input,none
1904,7,input,none
1905,4,input,none
1906,99,input,none
1907,74,input,none
1908,72,input,none
1909,2,input,none
1910,90,input,none
1911,62,input,none
1912,5,input,none
1913,40,input,none
1914,97,input,none
1915,99,input,none
1916,44,input,none
1917,19,input,none
1918,21,input,none
1919,39,input,none
1920,51,input,none
1921,55,input,none
1922,93,input,none
1923,39,input,none
1924,96,input,none
1925,80,input,none
1926,9,input,none
1927,2,input,none
1928,69,input,none
1929,86,input,none
1930,47,input,none
1931,31,input,none
1932,29,input,none
1933,40,input,none
1934,54,input,none
1935,91,input,none
1936,89,input,none
1937,10,input,none
1938,68,input,none
1939,98,input,none
1940,30,input,none
1941,93,input,none
1942,39,input,none
1943,44,input,none
1944,93,input,none
1945,79,input,none
1946,26,input,none
1947,27,input,none
1948,96,input,none
1949,49,input,none
1950,33,input,none
1951,59,input,none
1952,22,input,none
1953,95,input,none
1954,34,input,none
1955,92,input,none
1956,20,input,none
1957,8,input,none
1958,96,input,none
1959,0,input,none
1960,80,input,none
1961,34,input,none
1962,94,input,none
1963,7,input,none
1964,2,input,none
1965,0,input,none
1966,93,input,none
1967,24,input,none
1968,23,input,none
1969,42,input,none
1970,91,input,none
1971,58,input,none
1972,69,input,none
1973,90,input,none
1974,8,input,none
1975,97,input,none
1976,70,input,none
1977,18,input,none
1978,97,input,none
1979,99,input,none
1980,52,input,none
1981,14,input,none
1982,55,input,none
1983,29,input,none
1984,23,input,none
1985,76,input,none
1986,50,input,none
1987,36,input,none
1988,0,input,none
1989,31,input,none
1990,55,input,none
1991,82,input,none
1992,9,input,none
1993,39,input,none
1994,67,input,none
1995,52,input,none
1996,13,input,none
1997,7,input,none
1998,39,input,none
1999,99,input,none
2000,9,input,none
2001,2,input,none
2002,95,input,none
2003,65,input,none
2004,29,input,none
2005,52,input,none
2006,76,input,none
2007,15,input,none
2008,94,input,none
2009,90,input,none
2010,45,input,none
2011,0,input,none
2012,42,input,none
2013,14,input,none
2014,19,input,none
2015,82,input,none
2016,60,input,none
2017,92,input,none
2018,1,input,none
2019,62,input,none
2020,39,input,none
2021,73,input,none
2022,43,input,none
2023,31,input,none
2024,73,input,none
2025,59,input,none
2026,74,input,none
2027,98,input,none
2028,53,input,none
2029,57,input,none
2030,66,input,none
2031,30,input,none
2032,24,input,none
2033,69,input,none
2034,0,input,none
2035,73,input,none
2036,65,input,none
2037,1,input,none
2038,53,input,none
2039,96,input,none
2040,29,input,none
2041,5,input,none
2042,90,input,none
2043,5,input,none
2044,39,input,none
2045,95,input,none
2046,30,input,none
2047,92,input,none
2048,4,input,none
2049,7,input,none
2050,65,input,none
2051,64,input,none
2052,26,input,none
2053,29,input,none
2054,61,input,none
2055,1,input,none
2056,57,input,none
2057,49,input,none
2058,17,input,none
2059,37,input,none
2060,20,input,none
2061,80,input,none
2062,63,input,none
2063,97,input,none
2064,42,input,none
2065,19,input,none
2066,71,input,none
2067,2,input,none
2068,20,input,none
2069,99,input,none
2070,58,input,none
2071,34,input,none
2072,71,input,none
2073,74,input,none
2074,99,input,none
2075,5,input,none
2076,48,input,none
2077,59,input,none
2078,99,input,none
2079,17,input,none
2080,85,input,none
2081,58,input,none
2082,48,input,none
2083,92,input,none
2084,30,input,none
2085,48,input,none
2086,20,input,none
2087,44,input,none
2088,75,input,none
2089,8,input,none
2090,91,input,none
2091,23,input,none
2092,12,input,none
2093,85,input,none
2094,59,input,none
2095,30,input,none
2096,71,input,none
2097,62,input,none
2098,39,input,none
2099,23,input,none
2100,55,input,none
2101,47,input,none
2102,91,input,none
2103,2,input,none
2104,73,input,none
2105,10,input,none
2106,7,input,none
2107,8,input,none
2108,79,input,none
2109,90,input,none
2110,6,input,none
2111,94,input,none
2112,83,input,none
2113,97,input,none
2114,30,input,none
2115,19,input,none
2116,60,input,none
2117,98,input,none
2118,67,input,none
2119,67,input,none
2120,95,input,none
2121,44,input,none
2122,48,input,none
2123,97,input,none
2124,42,input,none
2125,24,input,none
2126,8,input,none
2127,71,input,none
2128,49,input,none
2129,83,input,none
2130,75,input,none
2131,98,input,none
2132,52,input,none
2133,77,input,none
2134,92,input,none
2135,83,input,none
2136,48,input,none
2137,93,input,none
2138,79,input,none
2139,9,input,none
2140,68,input,none
2141,23,input,none
2142,84,input,none
2143,80,input,none
2144,79,input,none
2145,80,input,none
2146,90,input,none
2147,75,input,none
2148,79,input,none
2149,0,input,none
2150,59,input,none
2151,99,input,none
2152,49,input,none
2153,60,input,none
2154,52,input,none
2155,90,input,none
2156,23,input,none
2157,45,input,none
2158,16,input,none
2159,6,input,none
2160,93,input,none
2161,2,input,none
2162,8,input,none
2163,95,input,none
2164,31,input,none
2165,30,input,none
2166,9,input,none
2167,41,input,none
2168,59,input,none
2169,13,input,none
2170,69,input,none
2171,93,input,none
2172,70,input,none
2173,55,input,none
2174,32,input,none
2175,79,input,none
2176,90,input,none
2177,80,input,none
2178,9,input,none
2179,69,input,none
2180,99,input,none
2181,7,input,none
2182,67,input,none
2183,56,input,none
2184,2,input,none
2185,33,input,none
2186,59,input,none
2187,32,input,none
2188,49,input,none
2189,0,input,none
2190,66,input,none
2191,39,input,none
2192,92,input,none
2193,47,input,none
2194,9,input,none
2195,11,input,none
2196,69,input,none
2197,0,input,none
2198,92,input,none
2199,9,input,none
2200,98,input,none
2201,29,input,none
2202,9,input,none
2203,50,input,none
2204,61,input,none
2205,95,input,none
2206,51,input,none
2207,27,input,none
2208,42,input,none
2209,80,input,none
2210,99,input,none
2211,37,input,none
2212,62,input,none
2213,10,input,none
2214,79,input,none
2215,96,input,none
2216,97,input,none
2217,49,input,none
2218,71,input,none
2219,42,input,none
2220,95,input,none
2221,23,input,none
2222,40,input,none
2223,36,input,none
2224,78,input,none
2225,92,input,none
2226,19,input,none
2227,20,input,none
2228,48,input,none
2229,3,input,none
2230,0,input,none
2231,23,input,none
2232,90,input,none
2233,13,input,none
2234,48,input,none
2235,94,input,none
2236,86,input,none
2237,38,input,none
2238,94,input,none
2239,49,input,none
2240,74,input,none
2241,93,input,none
2242,39,input,none
2243,38,input,none
2244,9,input,none
2245,46,input,none
2246,31,input,none
2247,6,input,none
2248,5,input,none
2249,23,input,none
2250,33,input,none
2251,99,input,none
2252,92,input,none
2253,5,input,none
2254,15,input,none
2255,39,input,none
2256,27,input,none
2257,94,input,none
2258,82,input,none
2259,27,input,none
2260,39,input,none
2261,28,input,none
2262,30,input,none
2263,68,input,none
2264,19,input,none
2265,79,input,none
2266,17,input,none
2267,30,input,none
2268,10,input,none
2269,98,input,none
2270,45,input,none
2271,2,input,none
2272,0,input,none
2273,75,input,none
2274,0,input,none
2275,0,input,none
2276,99,input,none
2277,44,input,none
2278,90,input,none
2279,99,input,none
2280,79,input,none
2281,62,input,none
2282,94,input,none
2283,84,input,none
2284,79,input,none
2285,20,input,none
2286,70,input,none
2287,31,input,none
2288,30,input,none
2289,3,input,none
2290,71,input,none
2291,48,input,none
2292,68,input,none
2293,19,input,none
2294,93,input,none
2295,47,input,none
2296,53,input,none
2297,31,input,none
2298,7,input,none
2299,55,input,none
2300,59,input,none
2301,48,input,none
2302,27,input,none
2303,97,input,none
2304,6,input,none
2305,69,input,none
2306,17,input,none
2307,59,input,none
2308,5,input,none
2309,96,input,none
2310,76,input,none
2311,9,input,none
2312,0,input,none
2313,26,input,none
2314,96,input,none
2315,5,input,none
2316,69,input,none
2317,7,input,none
2318,78,input,none
2319,58,input,none
2320,70,input,none
2321,0,input,none
2322,31,input,none
2323,35,input,none
2324,83,input,none
2325,3,input,none
2326,0,input,none
2327,40,input,none
2328,45,input,none
2329,62,input,none
2330,95,input,none
2331,5,input,none
2332,59,input,none
2333,19,input,none
2334,46,input,none
2335,53,input,none
2336,46,input,none
2337,97,input,none
2338,51,input,none
2339,30,input,none
2340,76,input,none
2341,99,input,none
2342,33,input,none
2343,44,input,none
2344,84,input,none
2345,30,input,none
2346,99,input,none
2347,94,input,none
2348,54,input,none
2349,0,input,none
2350,66,input,none
2351,37,input,none
2352,15,input,none
2353,99,input,none
2354,47,input,none
2355,28,input,none
2356,65,input,none
2357,56,input,none
2358,7,input,none
2359,87,input,none
2360,55,input,none
2361,66,input,none
2362,55,input,none
2363,15,input,none
2364,49,input,none
2365,96,input,none
2366,99,input,none
2367,1,input,none
2368,52,input,none
2369,48,input,none
2370,30,input,none
2371,21,input,none
2372,57,input,none
2373,99,input,none
2374,52,input,none
2375,80,input,none
2376,20,input,none
2377,78,input,none
2378,9,input,none
2379,97,input,none
2380,94,input,none
2381,26,input,none
2382,59,input,none
2383,22,input,none
2384,1,input,none
2385,86,input,none
2386,56,input,none
2387,41,input,none
2388,52,input,none
2389,91,input,none
2390,59,input,none
2391,59,input,none
2392,44,input,none
2393,33,input,none
2394,55,input,none
2395,9,input,none
2396,0,input,none
2397,93,input,none
2398,88,input,none
2399,64,input,none
2400,90,input,none
2401,27,input,none
2402,66,input,none
2403,58,input,none
2404,80,input,none
2405,37,input,none
2406,32,input,none
2407,91,input,none
2408,46,input,none
2409,60,input,none
2410,70,input,none
2411,65,input,none
2412,40,input,none
2413,17,input,none
2414,60,input,none
2415,94,input,none
2416,46,input,none
2417,63,input,none
2418,5,input,none
2419,80,input,none
2420,97,input,none
2421,99,input,none
2422,59,input,none
2423,65,input,none
2424,79,input,none
2425,99,input,none
2426,88,input,none
2427,75,input,none
2428,75,input,none
2429,18,input,none
2430,5,input,none
2431,9,input,none
2432,69,input,none
2433,59,input,none
2434,5,input,none
2435,98,input,none
2436,48,input,none
2437,92,input,none
2438,58,input,none
2439,90,input,none
2440,7,input,none
2441,44,input,none
2442,80,input,none
2443,32,input,none
2444,99,input,none
2445,46,input,none
2446,17,input,none
2447,15,input,none
2448,47,input,none
2449,3,input,none
2450,48,input,none
2451,69,input,none
2452,32,input,none
2453,39,input,none
2454,26,input,none
2455,62,input,none
2456,49,input,none
2457,30,input,none
2458,79,input,none
2459,2,input,none
2460,14,input,none
2461,94,input,none
2462,91,input,none
2463,90,input,none
2464,1,input,none
2465,93,input,none
2466,95,input,none
2467,62,input,none
2468,87,input,none
2469,67,input,none
2470,97,input,none
2471,0,input,none
2472,21,input,none
2473,60,input,none
2474,74,input,none
2475,84,input,none
2476,64,input,none
2477,79,input,none
2478,20,input,none
2479,10,input,none
2480,84,input,none
2481,99,input,none
2482,77,input,none
2483,99,input,none
2484,78,input,none
2485,13,input,none
2486,98,input,none
2487,20,input,none
2488,30,input,none
2489,24,input,none
2490,20,input,none
2491,99,input,none
2492,27,input,none
2493,24,input,none
2494,51,input,none
2495,90,input,none
2496,94,input,none
2497,13,input,none
2498,52,input,none
2499,23,input,none
2500,50,input,none
2501,90,input,none
2502,39,input,none
2503,39,input,none
2504,62,input,none
2505,52,input,none
2506,46,input,none
2507,20,input,none
2508,37,input,none
2509,39,input,none
2510,95,input,none
2511,58,input,none
2512,39,input,none
2513,7,input,none
2514,63,input,none
2515,87,input,none
2516,10,input,none
2517,9,input,none
2518,9,input,none
2519,61,input,none
2520,79,input,none
2521,61,input,none
2522,2,input,none
2523,19,input,none
2524,23,input,none
2525,36,input,none
2526,3,input,none
2527,24,input,none
2528,23,input,none
2529,52,input,none
2530,96,input,none
2531,0,input,none
2532,99,input,none
2533,77,input,none
2534,25,input,none
2535,13,input,none
2536,90,input,none
2537,61,input,none
2538,61,input,none
2539,88,input,none
2540,59,input,none
2541,90,input,none
2542,14,input,none
2543,69,input,none
2544,81,input,none
2545,80,input,none
2546,7,input,none
2547,60,input,none
2548,60,input,none
2549,34,input,none
2550,10,input,none
2551,82,input,none
2552,46,input,none
2553,93,input,none
2554,28,input,none
2555,72,input,none
2556,80,input,none
2557,28,input,none
2558,81,input,none
2559,33,input,none
2560,50,input,none
2561,75,input,none
2562,75,input,none
2563,65,input,none
2564,11,input,none
2565,8,input,none
2566,6,input,none
2567,39,input,none
2568,79,input,none
2569,29,input,none
2570,17,input,none
2571,51,input,none
2572,42,input,none
2573,16,input,none
2574,40,input,none
2575,68,input,none
2576,72,input,none
2577,3,input,none
2578,30,input,none
2579,29,input,none
2580,39,input,none
2581,98,input,none
2582,86,input,none
2583,94,input,none
2584,18,input,none
2585,49,input,none
2586,70,input,none
2587,27,input,none
2588,73,input,none
2589,70,input,none
2590,97,input,none
2591,92,input,none
2592,21,input,none
2593,89,input,none
2594,90,input,none
2595,84,input,none
2596,21,input,none
2597,65,input,none
2598,53,input,none
2599,88,input,none
2600,73,input,none
2601,16,input,none
2602,90,input,none
2603,30,input,none
2604,70,input,none
2605,90,input,none
2606,69,input,none
2607,65,input,none
2608,13,input,none
2609,62,input,none
2610,93,input,none
2611,71,input,none
2612,25,input,none
2613,1,input,none
2614,2,input,none
2615,30,input,none
2616,92,input,none
2617,72,input,none
2618,77,input,none
2619,39,input,none
2620,62,input,none
2621,9,input,none
2622,23,input,none
2623,3,input,none
2624,68,input,none
2625,46,input,none
2626,46,input,none
2627,90,input,none
2628,79,input,none
2629,57,input,none
2630,71,input,none
2631,40,input,none
2632,99,input,none
2633,5,input,none
2634,97,input,none
2635,72,input,none
2636,0,input,none
2637,7,input,none
2638,37,input,none
2639,99,input,none
2640,37,input,none
2641,46,input,none
2642,45,input,none
2643,87,input,none
2644,39,input,none
2645,6,input,none
2646,97,input,none
2647,55,input,none
2648,46,input,none
2649,40,input,none
2650,70,input,none
2651,15,input,none
2652,1,input,none
2653,69,input,none
2654,9,input,none
2655,72,input,none
2656,89,input,none
2657,40,input,none
2658,94,input,none
2659,1,input,none
2660,39,input,none
2661,80,input,none
2662,91,input,none
2663,5,input,none
2664,95,input,none
2665,79,input,none
2666,40,input,none
2667,51,input,none
2668,38,input,none
2669,55,input,none
2670,7,input,none
2671,99,input,none
2672,14,input,none
2673,35,input,none
2674,95,input,none
2675,9,input,none
2676,23,input,none
2677,62,input,none
2678,57,input,none
2679,8,input,none
2680,91,input,none
2681,6,input,none
2682,1,input,none
2683,90,input,none
2684,0,input,none
2685,94,input,none
2686,49,input,none
2687,0,input,none
2688,80,input,none
2689,74,input,none
2690,92,input,none
2691,69,input,none
2692,54,input,none
2693,91,input,none
2694,7,input,none
2695,62,input,none
2696,94,input,none
2697,98,input,none
2698,57,input,none
2699,93,input,none
2700,99,input,none
2701,51,input,none
2702,42,input,none
2703,5,input,none
2704,61,input,none
2705,96,input,none
2706,3,input,none
2707,70,input,none
2708,78,input,none
2709,28,input,none
2710,8,input,none
2711,75,input,none
2712,8,input,none
2713,79,input,none
2714,36,input,none
2715,64,input,none
2716,89,input,none
2717,7,input,none
2718,93,input,none
2719,97,input,none
2720,63,input,none
2721,71,input,none
2722,54,input,none
2723,69,input,none
2724,48,input,none
2725,29,input,none
2726,97,input,none
2727,89,input,none
2728,97,input,none
2729,49,input,none
2730,14,input,none
2731,45,input,none
2732,91,input,none
2733,4,input,none
2734,33,input,none
2735,99,input,none
2736,1,input,none
2737,73,input,none
2738,9,input,none
2739,33,input,none
2740,0,input,none
2741,16,input,none
2742,60,input,none
2743,90,input,none
2744,93,input,none
2745,29,input,none
2746,80,input,none
2747,34,input,none
2748,69,input,none
2749,92,input,none
2750,33,input,none
2751,8,input,none
2752,64,input,none
2753,29,input,none
2754,6,input,none
2755,59,input,none
2756,77,input,none
2757,48,input,none
2758,39,input,none
2759,60,input,none
2760,65,input,none
2761,28,input,none
2762,1,input,none
2763,65,input,none
2764,27,input,none
2765,33,input,none
2766,37,input,none
2767,51,input,none
2768,30,input,none
2769,94,input,none
2770,85,input,none
2771,41,input,none
2772,54,input,none
2773,66,input,none
2774,33,input,none
2775,34,input,none
2776,75,input,none
2777,35,input,none
2778,71,input,none
2779,45,input,none
2780,5,input,none
2781,51,input,none
2782,20,input,none
2783,20,input,none
2784,3,input,none
2785,39,input,none
2786,34,input,none
2787,69,input,none
2788,79,input,none
2789,29,input,none
2790,42,input,none
2791,3,input,none
2792,4,input,none
2793,97,input,none
2794,17,input,none
2795,82,input,none
2796,39,input,none
2797,99,input,none
2798,71,input,none
2799,84,input,none
2800,15,input,none
2801,7,input,none
2802,50,input,none
2803,33,input,none
2804,9,input,none
2805,3,input,none
2806,40,input,none
2807,94,input,none
2808,66,input,none
2809,88,input,none
2810,90,input,none
2811,33,input,none
2812,59,input,none
2813,30,input,none
2814,92,input,none
2815,9,input,none
2816,27,input,none
2817,9,input,none
2818,45,input,none
2819,0,input,none
2820,39,input,none
2821,66,input,none
2822,0,input,none
2823,8,input,none
2824,36,input,none
2825,81,input,none
2826,52,input,none
2827,69,input,none
2828,48,input,none
2829,45,input,none
2830,80,input,none
2831,25,input,none
2832,21,input,none
2833,2,input,none
2834,13,input,none
2835,83,input,none
2836,97,input,none
2837,4,input,none
2838,18,input,none
2839,91,input,none
2840,63,input,none
2841,35,input,none
2842,92,input,none
2843,0,input,none
2844,64,input,none
2845,63,input,none
2846,39,input,none
2847,87,input,none
2848,97,input,none
2849,60,input,none
2850,86,input,none
2851,9,input,none
2852,31,input,none
2853,14,input,none
2854,6,input,none
2855,9,input,none
2856,69,input,none
2857,90,input,none
2858,20,input,none
2859,96,input,none
2860,65,input,none
2861,57,input,none
2862,97,input,none
2863,79,input,none
2864,30,input,none
2865,70,input,none
2866,29,input,none
2867,92,input,none
2868,98,input,none
2869,4,input,none
2870,79,input,none
2871,93,input,none
2872,6,input,none
2873,99,input,none
2874,47,input,none
2875,25,input,none
2876,0,input,none
2877,39,input,none
2878,35,input,none
2879,68,input,none
2880,33,input,none
2881,85,input,none
2882,53,input,none
2883,65,input,none
2884,2,input,none
2885,90,input,none
2886,91,input,none
2887,42,input,none
2888,82,input,none
2889,57,input,none
2890,96,input,none
2891,1,input,none
2892,93,input,none
2893,30,input,none
2894,16,input,none
2895,26,input,none
2896,59,input,none
2897,85,input,none
2898,48,input,none
2899,39,input,none
2900,59,input,none
2901,91,input,none
2902,88,input,none
2903,14,input,none
2904,19,input,none
2905,62,input,none
2906,53,input,none
2907,9,input,none
2908,19,input,none
2909,84,input,none
2910,53,input,none
2911,55,input,none
2912,49,input,none
2913,9,input,none
2914,39,input,none
2915,49,input,none
2916,20,input,none
2917,3,input,none
2918,37,input,none
2919,59,input,none
2920,70,input,none
2921,46,input,none
2922,80,input,none
2923,0,input,none
2924,87,input,none
2925,56,input,none
2926,37,input,none
2927,62,input,none
2928,20,input,none
2929,4,input,none
2930,19,input,none
2931,42,input,none
2932,80,input,none
2933,48,input,none
2934,5,input,none
2935,98,input,none
2936,45,input,none
2937,62,input,none
2938,70,input,none
2939,43,input,none
2940,93,input,none
2941,80,input,none
2942,72,input,none
2943,94,input,none
2944,43,input,none
2945,61,input,none
2946,93,input,none
2947,46,input,none
2948,49,input,none
2949,99,input,none
2950,62,input,none
2951,68,input,none
2952,2,input,none
2953,94,input,none
2954,83,input,none
2955,3,input,none
2956,0,input,none
2957,20,input,none
2958,51,input,none
2959,23,input,none
2960,49,input,none
2961,1,input,none
2962,88,input,none
2963,89,input,none
2964,3,input,none
2965,66,input,none
2966,95,input,none
2967,23,input,none
2968,92,input,none
2969,18,input,none
2970,0,input,none
2971,39,input,none
2972,20,input,none
2973,54,input,none
2974,74,input,none
2975,21,input,none
2976,74,input,none
2977,0,input,none
2978,76,input,none
2979,92,input,none
2980,20,input,none
2981,3,input,none
2982,67,input,none
2983,48,input,none
2984,9,input,none
2985,47,input,none
2986,1,input,none
2987,98,input,none
2988,93,input,none
2989,49,input,none
2990,31,input,none
2991,33,input,none
2992,79,input,none
2993,73,input,none
2994,35,input,none
2995,94,input,none
2996,84,input,none
2997,60,input,none
2998,39,input,none
2999,0,input,none
3000,20,input,none
3001,62,input,none
3002,18,input,none
3003,48,input,none
3004,28,input,none
3005,9,input,none
3006,97,input,none
3007,30,input,none
3008,5,input,none
3009,11,input,none
3010,39,input,none
3011,60,input,none
3012,20,input,none
3013,99,input,none
3014,9,input,none
3015,97,input,none
3016,82,input,none
3017,6,input,none
3018,55,input,none
3019,50,input,none
3020,65,input,none
3021,52,input,none
3022,41,input,none
3023,37,input,none
3024,67,input,none
3025,15,input,none
3026,75,input,none
3027,62,input,none
3028,63,input,none
3029,9,input,none
3030,53,input,none
3031,98,input,none
3032,64,input,none
3033,1,input,none
3034,38,input,none
3035,60,input,none
3036,61,input,none
3037,99,input,none
3038,11,input,none
3039,43,input,none
3040,9,input,none
3041,60,input,none
3042,31,input,none
3043,90,input,none
3044,39,input,none
3045,19,input,none
3046,53,input,none
3047,53,input,none
3048,99,input,none
3049,8,input,none
3050,75,input,none
3051,65,input,none
3052,65,input,none
3053,65,input,none
3054,98,input,none
3055,20,input,none
3056,4,input,none
3057,71,input,none
3058,42,input,none
3059,63,input,none
3060,27,input,none
3061,46,input,none
3062,7,input,none
3063,20,input,none
3064,91,input,none
3065,76,input,none
3066,0,input,none
3067,86,input,none
3068,94,input,none
3069,9,input,none
3070,57,input,none
3071,19,input,none
3072,30,input,none
3073,60,input,none
3074,0,input,none
3075,40,input,none
3076,55,input,none
3077,58,input,none
3078,51,input,none
3079,15,input,none
3080,2,input,none
3081,94,input,none
3082,9,input,none
3083,39,input,none
3084,9,input,none
3085,60,input,none
3086,50,input,none
3087,29,input,none
3088,59,input,none
3089,35,input,none
3090,9,input,none
3091,97,input,none
3092,36,input,none
3093,64,input,none
3094,94,input,none
3095,94,input,none
3096,97,input,none
3097,51,input,none
3098,53,input,none
3099,68,input,none
3100,32,input,none
3101,14,input,none
3102,32,input,none
3103,86,input,none
3104,40,input,none
3105,4,input,none
3106,67,input,none
3107,39,input,none
3108,13,input,none
3109,12,input,none
3110,19,input,none
3111,97,input,none
3112,66,input,none
3113,5,input,none
3114,40,input,none
3115,75,input,none
3116,90,input,none
3117,2,input,none
3118,37,input,none
3119,39,input,none
3120,54,input,none
3121,55,input,none
3122,99,input,none
3123,7,input,none
3124,87,input,none
3125,2,input,none
3126,24,input,none
3127,80,input,none
3128,90,input,none
3129,99,input,none
3130,42,input,none
3131,6,input,none
3132,40,input,none
3133,9,input,none
3134,80,input,none
3135,66,input,none
3136,59,input,none
3137,78,input,none
3138,42,input,none
3139,19,input,none
3140,97,input,none
3141,97,input,none
3142,62,input,none
3143,3,input,none
3144,31,input,none
3145,35,input,none
3146,2,input,none
3147,97,input,none
3148,51,input,none
3149,15,input,none
3150,80,input,none
3151,73,input,none
3152,16,input,none
3153,76,input,none
3154,20,input,none
3155,54,input,none
3156,26,input,none
3157,47,input,none
3158,45,input,none
3159,80,input,none
3160,33,input,none
3161,60,input,none
3162,8,input,none
3163,55,input,none
3164,93,input,none
3165,74,input,none
3166,63,input,none
3167,65,input,none
3168,80,input,none
3169,99,input,none
3170,94,input,none
3171,29,input,none
3172,19,input,none
3173,63,input,none
3174,90,input,none
3175,24,input,none
3176,7,input,none
3177,77,input,none
3178,75,input,none
3179,72,input,none
3180,5,input,none
3181,49,input,none
3182,15,input,none
3183,49,input,none
3184,97,input,none
3185,60,input,none
3186,53,input,none
3187,44,input,none
3188,14,input,none
3189,67,input,none
3190,30,input,none
3191,58,input,none
3192,17,input,none
3193,29,input,none
3194,92,input,none
3195,39,input,none
3196,85,input,none
3197,35,input,none
3198,21,input,none
3199,64,input,none
3200,9,input,none
3201,92,input,none
3202,62,input,none
3203,47,input,none
3204,79,input,none
3205,60,input,none
3206,49,input,none
3207,19,input,none
3208,46,input,none
3209,33,input,none
3210,0,input,none
3211,93,input,none
3212,93,input,none
3213,60,input,none
3214,4,input,none
3215,20,input,none
3216,24,input,none
3217,82,input,none
3218,18,input,none
3219,92,input,none
3220,41,input,none
3221,94,input,none
3222,69,input,none
3223,76,input,none
3224,97,input,none
3225,59,input,none
3226,49,input,none
3227,99,input,none
3228,97,input,none
3229,6,input,none
3230,29,input,none
3231,33,input,none
3232,88,input,none
3233,99,input,none
3234,52,input,none
3235,42,input,none
3236,9,input,none
3237,61,input,none
3238,9,input,none
3239,52,input,none
3240,66,input,none
3241,73,input,none
3242,23,input,none
3243,49,input,none
3244,13,input,none
3245,99,input,none
3246,39,input,none
3247,84,input,none
3248,93,input,none
3249,60,input,none
3250,45,input,none
3251,59,input,none
3252,56,input,none
3253,58,input,none
3254,42,input,none
3255,55,input,none
3256,30,input,none
3257,49,input,none
3258,16,input,none
3259,40,input,none
3260,4,input,none
3261,26,input,none
3262,91,input,none
3263,0,input,none
3264,62,input,none
3265,80,input,none
3266,97,input,none
3267,74,input,none
3268,35,input,none
3269,3,input,none
3270,0,input,none
3271,39,input,none
3272,23,input,none
3273,89,input,none
3274,79,input,none
3275,4,input,none
3276,92,input,none
3277,39,input,none
3278,68,input,none
3279,99,input,none
3280,33,input,none
3281,66,input,none
3282,59,input,none
3283,95,input,none
3284,9,input,none
3285,67,input,none
3286,99,input,none
3287,37,input,none
3288,11,input,none
3289,62,input,none
3290,4,input,none
3291,61,input,none
3292,4,input,none
3293,95,input,none
3294,91,input,none
3295,47,input,none
3296,35,input,none
3297,98,input,none
3298,0,input,none
3299,29,input,none
3300,73,input,none
3301,19,input,none
3302,35,input,none
3303,20,input,none
3304,26,input,none
3305,7,input,none
3306,95,input,none
3307,52,input,none
3308,98,input,none
3309,93,input,none
3310,4,input,none
3311,65,input,none
3312,94,input,none
3313,93,input,none
3314,99,input,none
3315,74,input,none
3316,30,input,none
3317,66,input,none
3318,69,input,none
3319,31,input,none
3320,38,input,none
3321,93,input,none
3322,52,input,none
3323,35,input,none
3324,23,input,none
3325,85,input,none
3326,90,input,none
3327,49,input,none
3328,12,input,none
3329,45,input,none
3330,19,input,none
3331,60,input,none
3332,59,input,none
3333,78,input,none
3334,84,input,none
3335,95,input,none
3336,19,input,none
3337,99,input,none
3338,2,input,none
3339,64,input,none
3340,87,input,none
3341,47,input,none
3342,79,input,none
3343,21,input,none
3344,34,input,none
3345,9,input,none
3346,80,input,none
3347,89,input,none
3348,89,input,none
3349,87,input,none
3350,55,input,none
3351,42,input,none
3352,94,input,none
3353,61,input,none
3354,31,input,none
3355,28,input,none
3356,51,input,none
3357,98,input,none
3358,29,input,none
3359,3,input,none
3360,55,input,none
3361,71,input,none
3362,87,input,none
3363,71,input,none
3364,7,input,none
3365,69,input,none
3366,79,input,none
3367,79,input,none
3368,66,input,none
3369,46,input,none
3370,0,input,none
3371,52,input,none
3372,36,input,none
3373,58,input,none
3374,28,input,none
3375,7,input,none
3376,82,input,none
3377,49,input,none
3378,13,input,none
3379,45,input,none
3380,95,input,none
3381,9,input,none
3382,3,input,none
3383,0,input,none
3384,91,input,none
3385,91,input,none
3386,47,input,none
3387,69,input,none
3388,41,input,none
3389,54,input,none
3390,19,input,none
3391,48,input,none
3392,5,input,none
3393,2,input,none
3394,62,input,none
3395,68,input,none
3396,39,input,none
3397,1,input,none
3398,64,input,none
3399,10,input,none
3400,72,input,none
3401,99,input,none
3402,71,input,none
3403,86,input,none
3404,19,input,none
3405,98,input,none
3406,2,input,none
3407,60,input,none
3408,26,input,none
3409,55,input,none
3410,70,input,none
3411,62,input,none
3412,0,input,none
3413,94,input,none
3414,46,input,none
3415,69,input,none
3416,58,input,none
3417,94,input,none
3418,97,input,none
3419,2,input,none
3420,7,input,none
3421,81,input,none
3422,74,input,none
3423,59,input,none
3424,50,input,none
3425,57,input,none
3426,3,input,none
3427,53,input,none
3428,52,input,none
3429,94,input,none
3430,43,input,none
3431,23,input,none
3432,99,input,none
3433,39,input,none
3434,68,input,none
3435,52,input,none
3436,19,input,none
3437,92,input,none
3438,83,input,none
3439,97,input,none
3440,9,input,none
3441,80,input,none
3442,16,input,none
3443,58,input,none
3444,66,input,none
3445,98,input,none
3446,67,input,none
3447,60,input,none
3448,69,input,none
3449,42,input,none
3450,78,input,none
3451,21,input,none
3452,4,input,none
3453,92,input,none
3454,32,input,none
3455,31,input,none
3456,20,input,none
3457,96,input,none
3458,96,input,none
3459,90,input,none
3460,70,input,none
3461,20,input,none
3462,55,input,none
3463,82,input,none
3464,69,input,none
3465,77,input,none
3466,3,input,none
3467,94,input,none
3468,45,input,none
3469,0,input,none
3470,79,input,none
3471,63,input,none
3472,22,input,none
3473,3,input,none
3474,95,input,none
3475,50,input,none
3476,20,input,none
3477,5,input,none
3478,44,input,none
3479,80,input,none
3480,13,input,none
3481,80,input,none
3482,7,input,none
3483,30,input,none
3484,12,input,none
3485,62,input,none
3486,39,input,none
3487,4,input,none
3488,90,input,none
3489,6,input,none
3490,6,input,none
3491,59,input,none
3492,1,input,none
3493,58,input,none
3494,37,input,none
3495,95,input,none
3496,79,input,none
3497,17,input,none
3498,7,input,none
3499,20,input,none
3500,65,input,none
3501,9,input,none
3502,25,input,none
3503,18,input,none
3504,79,input,none
3505,74,input,none
3506,9,input,none
3507,52,input,none
3508,60,input,none
3509,4,input,none
3510,56,input,none
3511,50,input,none
3512,94,input,none
3513,35,input,none
3514,80,input,none
3515,52,input,none
3516,1,input,none
3517,70,input,none
3518,25,input,none
3519,70,input,none
3520,66,input,none
3521,38,input,none
3522,56,input,none
3523,69,input,none
3524,48,input,none
3525,0,input,none
3526,5,input,none
3527,69,input,none
3528,29,input,none
3529,82,input,none
3530,72,input,none
3531,69,input,none
3532,24,input,none
3533,4,input,none
3534,37,input,none
3535,60,input,none
3536,92,input,none
3537,1,input,none
3538,29,input,none
3539,48,input,none
3540,43,input,none
3541,52,input,none
3542,25,input,none
3543,2,input,none
3544,0,input,none
3545,94,input,none
3546,9,input,none
3547,27,input,none
3548,6,input,none
3549,98,input,none
3550,6,input,none
3551,2,input,none
3552,9,input,none
3553,79,input,none
3554,5,input,none
3555,33,input,none
3556,4,input,none
3557,46,input,none
3558,38,input,none
3559,29,input,none
3560,90,input,none
3561,70,input,none
3562,28,input,none
3563,39,input,none
3564,9,input,none
3565,99,input,none
3566,0,input,none
3567,26,input,none
3568,0,input,none
3569,52,input,none
3570,99,input,none
3571,81,input,none
3572,69,input,none
3573,3,input,none
3574,29,input,none
3575,7,input,none
3576,0,input,none
3577,56,input,none
3578,13,input,none
3579,8,input,none
3580,60,input,none
3581,19,input,none
3582,99,input,none
3583,21,input,none
3584,30,input,none
3585,51,input,none
3586,36,input,none
3587,90,input,none
3588,2,input,none
3589,60,input,none
3590,24,input,none
3591,6,input,none
3592,18,input,none
3593,99,input,none
3594,0,input,none
3595,99,input,none
3596,23,input,none
3597,90,input,none
3598,69,input,none
3599,87,input,none
3600,4,input,none
3601,87,input,none
3602,72,input,none
3603,96,input,none
3604,89,input,none
3605,37,input,none
3606,59,input,none
3607,3,input,none
3608,83,input,none
3609,22,input,none
3610,35,input,none
3611,24,input,none
3612,59,input,none
3613,10,input,none
3614,72,input,none
3615,20,input,none
3616,94,input,none
3617,7,input,none
3618,39,input,none
3619,44,input,none
3620,3,input,none
3621,94,input,none
3622,21,input,none
3623,6,input,none
3624,7,input,none
3625,48,input,none
3626,35,input,none
3627,29,input,none
3628,99,input,none
3629,79,input,none
3630,4,input,none
3631,65,input,none
3632,4,input,none
3633,60,input,none
3634,60,input,none
3635,99,input,none
3636,19,input,none
3637,99,input,none
3638,90,input,none
3639,82,input,none
3640,69,input,none
3641,70,input,none
3642,15,input,none
3643,30,input,none
3644,13,input,none
3645,29,input,none
3646,29,input,none
3647,66,input,none
3648,3,input,none
3649,99,input,none
3650,94,input,none
3651,9,input,none
3652,97,input,none
3653,55,input,none
3654,0,input,none
3655,37,input,none
3656,94,input,none
3657,29,input,none
3658,98,input,none
3659,29,input,none
3660,58,input,none
3661,74,input,none
3662,92,input,none
3663,10,input,none
3664,61,input,none
3665,91,input,none
3666,2,input,none
3667,94,input,none
3668,59,input,none
3669,11,input,none
3670,33,input,none
3671,39,input,none
3672,96,input,none
3673,24,input,none
3674,3,input,none
3675,98,input,none
3676,81,input,none
3677,16,input,none
3678,52,input,none
3679,0,input,none
3680,66,input,none
3681,93,input,none
3682,65,input,none
3683,51,input,none
3684,82,input,none
3685,95,input,none
3686,74,input,none
3687,87,input,none
3688,88,input,none
3689,51,input,none
3690,65,input,none
3691,78,input,none
3692,93,input,none
3693,7,input,none
3694,80,input,none
3695,69,input,none
3696,9,input,none
3697,13,input,none
3698,52,input,none
3699,70,input,none
3700,0,input,none
3701,70,input,none
3702,22,input,none
3703,93,input,none
3704,60,input,none
3705,3,input,none
3706,19,input,none
3707,79,input,none
3708,5,input,none
3709,39,input,none
3710,73,input,none
3711,10,input,none
3712,69,input,none
3713,55,input,none
3714,94,input,none
3715,12,input,none
3716,87,input,none
3717,2,input,none
3718,98,input,none
3719,90,input,none
3720,98,input,none
3721,69,input,none
3722,99,input,none
3723,81,input,none
3724,60,input,none
3725,97,input,none
3726,77,input,none
3727,9,input,none
3728,82,input,none
3729,27,input,none
3730,36,input,none
3731,25,input,none
3732,75,input,none
3733,98,input,none
3734,9,input,none
3735,39,input,none
3736,79,input,none
3737,27,input,none
3738,34,input,none
3739,37,input,none
3740,69,input,none
3741,24,input,none
3742,94,input,none
3743,44,input,none
3744,39,input,none
3745,98,input,none
3746,25,input,none
3747,37,input,none
3748,60,input,none
3749,15,input,none
3750,49,input,none
3751,48,input,none
3752,67,input,none
3753,4,input,none
3754,97,input,none
3755,59,input,none
3756,21,input,none
3757,87,input,none
3758,36,input,none
3759,3,input,none
3760,59,input,none
3761,90,input,none
3762,3,input,none
3763,67,input,none
3764,71,input,none
3765,6,input,none
3766,11,input,none
3767,90,input,none
3768,65,input,none
3769,54,input,none
3770,9,input,none
3771,19,input,none
3772,66,input,none
3773,49,input,none
3774,2,input,none
3775,92,input,none
3776,49,input,none
3777,2,input,none
3778,48,input,none
3779,63,input,none
3780,69,input,none
3781,8,input,none
3782,2,input,none
3783,19,input,none
3784,50,input,none
3785,9,input,none
3786,92,input,none
3787,37,input,none
3788,6,input,none
3789,42,input,none
3790,6,input,none
3791,4,input,none
3792,25,input,none
3793,0,input,none
3794,0,input,none
3795,33,input,none
3796,42,input,none
3797,37,input,none
3798,35,input,none
3799,63,input,none
3800,67,input,none
3801,98,input,none
3802,42,input,none
3803,92,input,none
3804,61,input,none
3805,69,input,none
3806,35,input,none
3807,37,input,none
3808,11,input,none
3809,13,input,none
3810,41,input,none
3811,97,input,none
3812,31,input,none
3813,29,input,none
3814,42,input,none
3815,72,input,none
3816,13,input,none
3817,96,input,none
3818,30,input,none
3819,25,input,none
3820,56,input,none
3821,33,input,none
3822,98,input,none
3823,7,input,none
3824,36,input,none
3825,6,input,none
3826,89,input,none
3827,66,input,none
3828,16,input,none
3829,88,input,none
3830,68,input,none
3831,13,input,none
3832,62,input,none
3833,3,input,none
3834,75,input,none
3835,90,input,none
3836,30,input,none
3837,58,input,none
3838,5,input,none
3839,92,input,none
3840,10,input,none
3841,96,input,none
3842,87,input,none
3843,73,input,none
3844,19,input,none
3845,40,input,none
3846,79,input,none
3847,8,input,none
3848,41,input,none
3849,14,input,none
3850,39,input,none
3851,19,input,none
3852,98,input,none
3853,38,input,none
3854,19,input,none
3855,7,input,none
3856,65,input,none
3857,69,input,none
3858,90,input,none
3859,79,input,none
3860,49,input,none
3861,30,input,none
3862,5,input,none
3863,29,input,none
3864,3,input,none
3865,0,input,none
3866,90,input,none
3867,31,input,none
3868,23,input,none
3869,26,input,none
3870,99,input,none
3871,30,input,none
3872,66,input,none
3873,12,input,none
3874,42,input,none
3875,13,input,none
3876,55,input,none
3877,5,input,none
3878,22,input,none
3879,3,input,none
3880,46,input,none
3881,26,input,none
3882,45,input,none
3883,80,input,none
3884,0,input,none
3885,0,input,none
3886,48,input,none
3887,79,input,none
3888,29,input,none
3889,4,input,none
3890,0,input,none
3891,49,input,none
3892,4,input,none
3893,24,input,none
3894,44,input,none
3895,63,input,none
3896,73,input,none
3897,49,input,none
3898,7,input,none
3899,96,input,none
3900,80,input,none
3901,79,input,none
3902,68,input,none
3903,28,input,none
3904,79,input,none
3905,99,input,none
3906,14,input,none
3907,46,input,none
3908,92,input,none
3909,80,input,none
3910,52,input,none
3911,65,input,none
3912,1,input,none
3913,52,input,none
3914,8,input,none
3915,3,input,none
3916,9,input,none
3917,55,input,none
3918,29,input,none
3919,80,input,none
3920,59,input,none
3921,1,input,none
3922,4,input,none
3923,99,input,none
3924,57,input,none
3925,20,input,none
3926,99,input,none
3927,77,input,none
3928,54,input,none
3929,76,input,none
3930,8,input,none
3931,42,input,none
3932,28,input,none
3933,71,input,none
3934,63,input,none
3935,94,input,none
3936,38,input,none
3937,30,input,none
3938,52,input,none
3939,25,input,none
3940,61,input,none
3941,56,input,none
3942,49,input,none
3943,80,input,none
3944,5,input,none
3945,86,input,none
3946,47,input,none
3947,99,input,none
3948,9,input,none
3949,2,input,none
3950,88,input,none
3951,84,input,none
3952,39,input,none
3953,99,input,none
3954,45,input,none
3955,38,input,none
3956,99,input,none
3957,27,input,none
3958,79,input,none
3959,20,input,none
3960,35,input,none
3961,9,input,none
3962,99,input,none
3963,96,input,none
3964,1,input,none
3965,46,input,none
3966,88,input,none
3967,0,input,none
3968,63,input,none
3969,99,input,none
3970,9,input,none
3971,90,input,none
3972,42,input,none
3973,7,input,none
3974,73,input,none
3975,91,input,none
3976,93,input,none
3977,39,input,none
3978,39,input,none
3979,97,input,none
3980,77,input,none
3981,92,input,none
3982,93,input,none
3983,0,input,none
3984,19,input,none
3985,5,input,none
3986,68,input,none
3987,77,input,none
3988,59,input,none
3989,2,input,none
3990,79,input,none
3991,0,input,none
3992,3,input,none
3993,55,input,none
3994,98,input,none
3995,20,input,none
3996,97,input,none
3997,45,input,none
3998,99,input,none
3999,42,input,none
4000,77,input,none
4001,1,input,none
4002,45,input,none
4003,53,input,none
4004,55,input,none
4005,99,input,none
4006,59,input,none
4007,66,input,none
4008,50,input,none
4009,90,input,none
4010,39,input,none
4011,39,input,none
4012,5,input,none
4013,20,input,none
4014,5,input,none
4015,2,input,none
4016,30,input,none
4017,57,input,none
4018,96,input,none
4019,39,input,none
4020,62,input,none
4021,59,input,none
4022,69,input,none
4023,55,input,none
4024,60,input,none
4025,89,input,none
4026,79,input,none
4027,13,input,none
4028,15,input,none
4029,60,input,none
4030,86,input,none
4031,49,input,none
4032,0,input,none
4033,37,input,none
4034,95,input,none
4035,13,input,none
4036,97,input,none
4037,46,input,none
4038,90,input,none
4039,9,input,none
4040,1,input,none
4041,10,input,none
4042,0,input,none
4043,54,input,none
4044,57,input,none
4045,0,input,none
4046,6,input,none
4047,99,input,none
4048,48,input,none
4049,20,input,none
4050,1,input,none
4051,20,input,none
4052,79,input,none
4053,54,input,none
4054,12,input,none
4055,53,input,none
4056,45,input,none
4057,37,input,none
4058,96,input,none
4059,57,input,none
4060,13,input,none
4061,7,input,none
4062,52,input,none
4063,80,input,none
4064,9,input,none
4065,30,input,none
4066,52,input,none
4067,58,input,none
4068,55,input,none
4069,88,input,none
4070,97,input,none
4071,52,input,none
4072,0,input,none
4073,5,input,none
4074,43,input,none
4075,26,input,none
4076,28,input,none
4077,84,input,none
4078,92,input,none
4079,92,input,none
4080,64,input,none
4081,30,input,none
4082,80,input,none
4083,33,input,none
4084,60,input,none
4085,39,input,none
4086,35,input,none
4087,3,input,none
4088,74,input,none
4089,38,input,none
4090,2,input,none
4091,49,input,none
4092,30,input,none
4093,31,input,none
4094,16,input,none
4095,1,input,none
4096,11,input,none
4097,13,input,none
4098,79,input,none
4099,7,input,none
4100,52,input,none
4101,55,input,none
4102,79,input,none
4103,18,input,none
4104,30,input,none
4105,90,input,none
4106,59,input,none
4107,16,input,none
4108,71,input,none
4109,2,input,none
4110,8,input,none
4111,9,input,none
4112,56,input,none
4113,31,input,none
4114,23,input,none
4115,79,input,none
4116,55,input,none
4117,35,input,none
4118,25,input,none
4119,62,input,none
4120,30,input,none
4121,59,input,none
4122,69,input,none
4123,60,input,none
4124,2,input,none
4125,48,input,none
4126,96,input,none
4127,85,input,none
4128,13,input,none
4129,3,input,none
4130,22,input,none
4131,69,input,none
4132,66,input,none
4133,53,input,none
4134,94,input,none
4135,93,input,none
4136,53,input,none
4137,99,input,none
4138,27,input,none
4139,18,input,none
4140,1,input,none
4141,91,input,none
4142,39,input,none
4143,70,input,none
4144,94,input,none
4145,55,input,none
4146,67,input,none
4147,48,input,none
4148,2,input,none
4149,0,input,none
4150,11,input,none
4151,33,input,none
4152,9,input,none
4153,97,input,none
4154,3,input,none
4155,89,input,none
4156,99,input,none
4157,60,input,none
4158,8,input,none
4159,19,input,none
4160,69,input,none
4161,7,input,none
4162,93,input,none
4163,67,input,none
4164,29,input,none
4165,9,input,none
4166,90,input,none
4167,2,input,none
4168,7,input,none
4169,10,input,none
4170,35,input,none
4171,2,input,none
4172,98,input,none
4173,20,input,none
4174,89,input,none
4175,45,input,none
4176,20,input,none
4177,81,input,none
4178,99,input,none
4179,29,input,none
4180,19,input,none
4181,44,input,none
4182,79,input,none
4183,30,input,none
4184,53,input,none
4185,20,input,none
4186,2,input,none
4187,79,input,none
4188,96,input,none
4189,81,input,none
4190,26,input,none
4191,37,input,none
4192,20,input,none
4193,42,input,none
4194,19,input,none
4195,99,input,none
4196,91,input,none
4197,30,input,none
4198,68,input,none
4199,23,input,none
4200,73,input,none
4201,88,input,none
4202,7,input,none
4203,25,input,none
4204,28,input,none
4205,70,input,none
4206,85,input,none
4207,94,input,none
4208,55,input,none
4209,92,input,none
4210,92,input,none
4211,34,input,none
4212,9,input,none
4213,89,input,none
4214,39,input,none
4215,20,input,none
4216,39,input,none
4217,64,input,none
4218,81,input,none
4219,33,input,none
4220,6,input,none
4221,99,input,none
4222,87,input,none
4223,20,input,none
4224,24,input,none
4225,46,input,none
4226,52,input,none
4227,29,input,none
4228,30,input,none
4229,72,input,none
4230,99,input,none
4231,6,input,none
4232,4,input,none
4233,12,input,none
4234,4,input,none
4235,35,input,none
4236,60,input,none
4237,60,input,none
4238,29,input,none
4239,60,input,none
4240,0,input,none
4241,71,input,none
4242,43,input,none
4243,80,input,none
4244,19,input,none
4245,20,input,none
4246,46,input,none
4247,1,input,none
4248,37,input,none
4249,55,input,none
4250,46,input,none
4251,93,input,none
4252,4,input,none
4253,73,input,none
4254,82,input,none
4255,96,input,none
4256,6,input,none
4257,98,input,none
4258,7,input,none
4259,79,input,none
4260,13,input,none
4261,42,input,none
4262,79,input,none
4263,7,input,none
4264,63,input,none
4265,40,input,none
4266,4,input,none
4267,13,input,none
4268,2,input,none
4269,34,input,none
4270,77,input,none
4271,43,input,none
4272,68,input,none
4273,45,input,none
4274,19,input,none
4275,5,input,none
4276,79,input,none
4277,61,input,none
4278,1,input,none
4279,39,input,none
4280,29,input,none
4281,42,input,none
4282,39,input,none
4283,94,input,none
4284,75,input,none
4285,46,input,none
4286,43,input,none
4287,57,input,none
4288,29,input,none
4289,7,input,none
4290,50,input,none
4291,4,input,none
4292,65,input,none
4293,94,input,none
4294,44,input,none
4295,30,input,none
4296,84,input,none
4297,27,input,none
4298,58,input,none
4299,40,input,none
4300,90,input,none
4301,28,input,none
4302,94,input,none
4303,16,input,none
4304,16,input,none
4305,95,input,none
4306,9,input,none
4307,97,input,none
4308,13,input,none
4309,42,input,none
4310,25,input,none
4311,93,input,none
4312,37,input,none
4313,51,input,none
4314,83,input,none
4315,31,input,none
4316,17,input,none
4317,40,input,none
4318,55,input,none
4319,27,input,none
4320,74,input,none
4321,0,input,none
4322,37,input,none
4323,93,input,none
4324,18,input,none
4325,50,input,none
4326,55,input,none
4327,58,input,none
4328,5,input,none
4329,1,input,none
4330,0,input,none
4331,98,input,none
4332,2,input,none
4333,63,input,none
4334,44,input,none
4335,11,input,none
4336,96,input,none
4337,17,input,none
4338,9,input,none
4339,60,input,none
4340,59,input,none
4341,99,input,none
4342,29,input,none
4343,80,input,none
4344,7,input,none
4345,90,input,none
4346,95,input,none
4347,43,input,none
4348,0,input,none
4349,80,input,none
4350,30,input,none
4351,35,input,none
4352,90,input,none
4353,4,input,none
4354,94,input,none
4355,85,input,none
4356,56,input,none
4357,18,input,none
4358,97,input,none
4359,4,input,none
4360,29,input,none
4361,9,input,none
4362,80,input,none
4363,98,input,none
4364,20,input,none
4365,92,input,none
4366,37,input,none
4367,52,input,none
4368,0,input,none
4369,92,input,none
4370,23,input,none
4371,91,input,none
4372,67,input,none
4373,91,input,none
4374,19,input,none
4375,2,input,none
4376,59,input,none
4377,59,input,none
4378,62,input,none
4379,30,input,none
4380,84,input,none
4381,9,input,none
4382,4,input,none
4383,56,input,none
4384,77,input,none
4385,30,input,none
4386,5,input,none
4387,98,input,none
4388,59,input,none
4389,2,input,none
4390,70,input,none
4391,41,input,none
4392,48,input,none
4393,24,input,none
4394,2,input,none
4395,42,input,none
4396,60,input,none
4397,4,input,none
4398,15,input,none
4399,86,input,none
4400,53,input,none
4401,3,input,none
4402,22,input,none
4403,26,input,none
4404,0,input,none
4405,32,input,none
4406,79,input,none
4407,66,input,none
4408,25,input,none
4409,39,input,none
4410,40,input,none
4411,56,input,none
4412,99,input,none
4413,98,input,none
4414,19,input,none
4415,90,input,none
4416,87,input,none
4417,73,input,none
4418,0,input,none
4419,60,input,none
4420,20,input,none
4421,9,input,none
4422,97,input,none
4423,18,input,none
4424,40,input,none
4425,31,input,none
4426,69,input,none
4427,3,input,none
4428,5,input,none
4429,79,input,none
4430,46,input,none
4431,67,input,none
4432,35,input,none
4433,27,input,none
4434,99,input,none
4435,94,input,none
4436,8,input,none
4437,69,input,none
4438,74,input,none
4439,35,input,none
4440,99,input,none
4441,74,input,none
4442,30,input,none
4443,3,input,none
4444,83,input,none
4445,9,input,none
4446,87,input,none
4447,99,input,none
4448,93,input,none
4449,82,input,none
4450,43,input,none
4451,93,input,none
4452,49,input,none
4453,48,input,none
4454,9,input,none
4455,25,input,none
4456,72,input,none
4457,75,input,none
4458,19,input,none
4459,29,input,none
4460,70,input,none
4461,20,input,none
4462,77,input,none
4463,79,input,none
4464,60,input,none
4465,22,input,none
4466,21,input,none
4467,30,input,none
4468,32,input,none
4469,7,input,none
4470,61,input,none
4471,3,input,none
4472,83,input,none
4473,58,input,none
4474,39,input,none
4475,42,input,none
4476,53,input,none
4477,96,input,none
4478,91,input,none
4479,70,input,none
4480,20,input,none
4481,91,input,none
4482,29,input,none
4483,10,input,none
4484,85,input,none
4485,9,input,none
4486,39,input,none
4487,6,input,none
4488,19,input,none
4489,58,input,none
4490,5,input,none
4491,85,input,none
4492,58,input,none
4493,29,input,none
4494,66,input,none
4495,32,input,none
4496,16,input,none
4497,85,input,none
4498,20,input,none
4499,63,input,none
4500,98,input,none
4501,29,input,none
4502,52,input,none
4503,5,input,none
4504,67,input,none
4505,4,input,none
4506,47,input,none
4507,21,input,none
4508,92,input,none
4509,64,input,none
4510,36,input,none
4511,57,input,none
4512,99,input,none
4513,40,input,none
4514,1,input,none
4515,71,input,none
4516,46,input,none
4517,23,input,none
4518,65,input,none
4519,97,input,none
4520,65,input,none
4521,80,input,none
4522,9,input,none
4523,34,input,none
4524,71,input,none
4525,46,input,none
4526,79,input,none
4527,66,input,none
4528,90,input,none
4529,69,input,none
4530,80,input,none
4531,59,input,none
4532,14,input,none
4533,20,input,none
4534,95,input,none
4535,13,input,none
4536,46,input,none
4537,53,input,none
4538,0,input,none
4539,63,input,none
4540,1,input,none
4541,70,input,none
4542,22,input,none
4543,15,input,none
4544,65,input,none
4545,88,input,none
4546,69,input,none
4547,92,input,none
4548,79,input,none
4549,30,input,none
4550,90,input,none
4551,9,input,none
4552,99,input,none
4553,69,input,none
4554,3,input,none
4555,59,input,none
4556,99,input,none
4557,0,input,none
4558,19,input,none
4559,77,input,none
4560,48,input,none
4561,91,input,none
4562,20,input,none
4563,48,input,none
4564,67,input,none
4565,62,input,none
4566,29,input,none
4567,14,input,none
4568,54,input,none
4569,55,input,none
4570,93,input,none
4571,79,input,none
4572,55,input,none
4573,0,input,none
4574,6,input,none
4575,68,input,none
4576,91,input,none
4577,3,input,none
4578,58,input,none
4579,99,input,none
4580,40,input,none
4581,4,input,none
4582,29,input,none
4583,56,input,none
4584,40,input,none
4585,9,input,none
4586,34,input,none
4587,28,input,none
4588,54,input,none
4589,60,input,none
4590,91,input,none
4591,98,input,none
4592,72,input,none
4593,90,input,none
4594,88,input,none
4595,53,input,none
4596,79,input,none
4597,5,input,none
4598,39,input,none
4599,11,input,none
4600,74,input,none
4601,7,input,none
4602,31,input,none
4603,26,input,none
4604,24,input,none
4605,26,input,none
4606,94,input,none
4607,14,input,none
4608,80,input,none
4609,65,input,none
4610,80,input,none
4611,9,input,none
4612,96,input,none
4613,46,input,none
4614,60,input,none
4615,41,input,none
4616,90,input,none
4617,61,input,none
4618,81,input,none
4619,91,input,none
4620,63,input,none
4621,91,input,none
4622,80,input,none
4623,68,input,none
4624,63,input,none
4625,0,input,none
4626,0,input,none
4627,8,input,none
4628,85,input,none
4629,4,input,none
4630,59,input,none
4631,53,input,none
4632,18,input,none
4633,20,input,none
4634,56,input,none
4635,4,input,none
4636,67,input,none
4637,2,input,none
4638,66,input,none
4639,62,input,none
4640,99,input,none
4641,75,input,none
4642,9,input,none
4643,31,input,none
4644,40,input,none
4645,70,input,none
4646,89,input,none
4647,6,input,none
4648,66,input,none
4649,43,input,none
4650,24,input,none
4651,29,input,none
4652,82,input,none
4653,90,input,none
4654,98,input,none
4655,91,input,none
4656,6,input,none
4657,99,input,none
4658,99,input,none
4659,49,input,none
4660,11,input,none
4661,5,input,none
4662,51,input,none
4663,33,input,none
4664,6,input,none
4665,94,input,none
4666,30,input,none
4667,77,input,none
4668,7,input,none
4669,5,input,none
4670,0,input,none
4671,69,input,none
4672,77,input,none
4673,79,input,none
4674,4,input,none
4675,76,input,none
4676,97,input,none
4677,45,input,none
4678,52,input,none
4679,13,input,none
4680,2,input,none
4681,2,input,none
4682,11,input,none
4683,35,input,none
4684,26,input,none
4685,76,input,none
4686,19,input,none
4687,2,input,none
4688,99,input,none
4689,51,input,none
4690,30,input,none
4691,30,input,none
4692,76,input,none
4693,14,input,none
4694,94,input,none
4695,33,input,none
4696,97,input,none
4697,49,input,none
4698,15,input,none
4699,72,input,none
4700,99,input,none
4701,38,input,none
4702,60,input,none
4703,62,input,none
4704,99,input,none
4705,99,input,none
4706,2,input,none
4707,33,input,none
4708,71,input,none
4709,17,input,none
4710,90,input,none
4711,69,input,none
4712,59,input,none
4713,93,input,none
4714,80,input,none
4715,19,input,none
4716,55,input,none
4717,73,input,none
4718,9,input,none
4719,90,input,none
4720,61,input,none
4721,98,input,none
4722,22,input,none
4723,36,input,none
4724,33,input,none
4725,71,input,none
4726,94,input,none
4727,94,input,none
4728,92,input,none
4729,78,input,none
4730,90,input,none
4731,27,input,none
4732,99,input,none
4733,39,input,none
4734,49,input,none
4735,74,input,none
4736,9,input,none
4737,97,input,none
4738,32,input,none
4739,69,input,none
4740,69,input,none
4741,3,input,none
4742,75,input,none
4743,65,input,none
4744,91,input,none
4745,87,input,none
4746,1,input,none
4747,7,input,none
4748,88,input,none
4749,86,input,none
4750,56,input,none
4751,63,input,none
4752,3,input,none
4753,24,input,none
4754,7,input,none
4755,19,input,none
4756,55,input,none
4757,30,input,none
4758,46,input,none
4759,54,input,none
4760,79,input,none
4761,16,input,none
4762,50,input,none
4763,95,input,none
4764,37,input,none
4765,87,input,none
4766,27,input,none
4767,48,input,none
4768,16,input,none
4769,68,input,none
4770,37,input,none
4771,38,input,none
4772,69,input,none
4773,69,input,none
4774,99,input,none
4775,28,input,none
4776,92,input,none
4777,60,input,none
4778,14,input,none
4779,99,input,none
4780,2,input,none
4781,79,input,none
4782,35,input,none
4783,93,input,none
4784,38,input,none
4785,39,input,none
4786,55,input,none
4787,97,input,none
4788,42,input,none
4789,52,input,none
4790,26,input,none
4791,65,input,none
4792,9,input,none
4793,8,input,none
4794,54,input,none
4795,95,input,none
4796,26,input,none
4797,19,input,none
4798,79,input,none
4799,27,input,none
4800,76,input,none
4801,91,input,none
4802,94,input,none
4803,20,input,none
4804,6,input,none
4805,41,input,none
4806,10,input,none
4807,9,input,none
4808,56,input,none
4809,49,input,none
4810,84,input,none
4811,42,input,none
4812,73,input,none
4813,3,input,none
4814,4,input,none
4815,91,input,none
4816,99,input,none
4817,31,input,none
4818,80,input,none
4819,0,input,none
4820,27,input,none
4821,20,input,none
4822,93,input,none
4823,3,input,none
4824,97,input,none
4825,82,input,none
4826,46,input,none
4827,73,input,none
4828,80,input,none
4829,94,input,none
4830,1,input,none
4831,61,input,none
4832,57,input,none
4833,40,input,none
4834,91,input,none
4835,68,input,none
4836,99,input,none
4837,6,input,none
4838,49,input,none
4839,37,input,none
4840,51,input,none
4841,3,input,none
4842,51,input,none
4843,42,input,none
4844,0,input,none
4845,60,input,none
4846,0,input,none
4847,37,input,none
4848,89,input,none
4849,56,input,none
4850,48,input,none
4851,72,input,none
4852,89,input,none
4853,79,input,none
4854,90,input,none
4855,55,input,none
4856,20,input,none
4857,42,input,none
4858,58,input,none
4859,2,input,none
4860,46,input,none
4861,60,input,none
4862,24,input,none
4863,40,input,none
4864,71,input,none
4865,58,input,none
4866,65,input,none
4867,58,input,none
4868,38,input,none
4869,30,input,none
4870,80,input,none
4871,42,input,none
4872,17,input,none
4873,36,input,none
4874,0,input,none
4875,94,input,none
4876,27,input,none
4877,58,input,none
4878,3,input,none
4879,42,input,none
4880,4,input,none
4881,95,input,none
4882,67,input,none
4883,58,input,none
4884,93,input,none
4885,90,input,none
4886,0,input,none
4887,73,input,none
4888,24,input,none
4889,72,input,none
4890,45,input,none
4891,2,input,none
4892,90,input,none
4893,39,input,none
4894,0,input,none
4895,70,input,none
4896,77,input,none
4897,33,input,none
4898,93,input,none
4899,48,input,none
4900,93,input,none
4901,3,input,none
4902,82,input,none
4903,60,input,none
4904,59,input,none
4905,59,input,none
4906,1,input,none
4907,55,input,none
4908,65,input,none
4909,81,input,none
4910,86,input,none
4911,2,input,none
4912,99,input,none
4913,93,input,none
4914,18,input,none
4915,39,input,none
4916,41,input,none
4917,8,input,none
4918,94,input,none
4919,7,input,none
4920,7,input,none
4921,5,input,none
4922,65,input,none
4923,4,input,none
4924,8,input,none
4925,81,input,none
4926,79,input,none
4927,69,input,none
4928,76,input,none
4929,13,input,none
4930,71,input,none
4931,7,input,none
4932,78,input,none
4933,20,input,none
4934,46,input,none
4935,98,input,none
4936,91,input,none
4937,60,input,none
4938,58,input,none
4939,9,input,none
4940,42,input,none
4941,67,input,none
4942,94,input,none
4943,90,input,none
4944,96,input,none
4945,42,input,none
4946,32,input,none
4947,27,input,none
4948,59,input,none
4949,87,input,none
4950,59,input,none
4951,59,input,none
4952,82,input,none
4953,74,input,none
4954,40,input,none
4955,96,input,none
4956,59,input,none
4957,87,input,none
4958,56,input,none
4959,36,input,none
4960,18,input,none
4961,0,input,none
4962,86,input,none
4963,24,input,none
4964,55,input,none
4965,34,input,none
4966,7,input,none
4967,99,input,none
4968,51,input,none
4969,81,input,none
4970,24,input,none
4971,48,input,none
4972,42,input,none
4973,7,input,none
4974,69,input,none
4975,97,input,none
4976,39,input,none
4977,39,input,none
4978,14,input,none
4979,46,input,none
4980,40,input,none
4981,91,input,none
4982,0,input,none
4983,66,input,none
4984,52,input,none
4985,4,input,none
4986,75,input,none
4987,42,input,none
4988,59,input,none
4989,32,input,none
4990,0,input,none
4991,69,input,none
4992,9,input,none
4993,2,input,none
4994,80,input,none
4995,60,input,none
4996,9,input,none
4997,62,input,none
4998,37,input,none
4999,32,input,none
5000,9,input,none
